Hora,Psub(TR),Qsub(TR),FP(TR),Psub(SST),Qsub(SST),FP(SST),P (SST),Q (SST),S (SST)
1,24.1958,5.4278,0.9757,24.1098,-5.9881,0.9707,23.3916,0.0005,23.0
2,24.3837,5.5206,0.9753,24.2959,-5.9813,0.9712,23.5668,0.0005,24.0
3,24.9113,5.7812,0.9741,24.819,-5.9622,0.9725,24.0588,0.0005,24.0
4,22.6226,4.6508,0.9795,22.5526,-6.0428,0.9661,21.9221,0.0005,22.0
5,23.7805,5.2227,0.9767,23.6991,-6.0028,0.9696,23.0045,0.0005,23.0
6,24.4176,5.5373,0.9752,24.3316,-5.98,0.9713,23.6004,0.0005,24.0
7,24.0455,5.3536,0.9761,23.9588,-5.9935,0.9703,23.2494,0.0005,23.0
8,24.0225,5.3422,0.9762,23.9378,-5.9943,0.9703,23.2296,0.0005,23.0
9,23.1376,4.9052,0.9783,23.0587,-6.0254,0.9677,22.4003,0.0005,22.0
10,23.0612,4.8674,0.9784,22.9869,-6.0279,0.9675,22.3325,0.0005,22.0
11,23.1912,4.9317,0.9781,23.1165,-6.0233,0.9679,22.4549,0.0005,22.0
12,23.3479,5.0091,0.9778,23.2716,-6.0179,0.9684,22.6013,0.0005,23.0
13,22.518,4.5992,0.9798,22.446,-6.0465,0.9658,21.8213,0.0005,22.0
14,22.7305,4.7042,0.9792,22.6611,-6.0391,0.9665,22.0247,0.0005,22.0
15,22.7864,4.7318,0.9791,22.7157,-6.0372,0.9666,22.0763,0.0005,22.0
16,22.389,4.5355,0.9801,22.3204,-6.0508,0.9654,21.7025,0.0005,22.0
17,22.1577,4.4212,0.9807,22.0921,-6.0585,0.9646,21.4865,0.0005,21.0
18,21.9438,4.3156,0.9812,21.8805,-6.0656,0.9639,21.2861,0.0005,21.0
19,22.3826,4.5323,0.9801,22.3178,-6.0509,0.9653,21.7001,0.0005,22.0
20,22.2265,4.4552,0.9805,22.1606,-6.0562,0.9648,21.5513,0.0005,22.0
21,22.1327,4.4089,0.9807,22.068,-6.0593,0.9645,21.4637,0.0005,21.0
22,21.6775,4.1841,0.9819,21.6157,-6.0744,0.9629,21.0353,0.0005,21.0
23,21.79,4.2397,0.9816,21.7297,-6.0706,0.9633,21.1433,0.0005,21.0
24,21.7396,4.2148,0.9817,21.6791,-6.0723,0.9631,21.0953,0.0005,21.0
25,21.7394,4.2146,0.9817,21.6791,-6.0723,0.9631,21.0953,0.0005,21.0
26,20.4023,3.5543,0.9852,20.3541,-6.1154,0.9579,19.8376,0.0005,20.0
27,22.4026,4.5422,0.9801,22.3362,-6.0502,0.9654,21.7175,0.0005,22.0
28,20.3286,3.5179,0.9854,20.2809,-6.1177,0.9576,19.768,0.0005,20.0
29,21.2072,3.9518,0.9831,21.1558,-6.0896,0.9612,20.599,0.0005,21.0
30,21.0368,3.8677,0.9835,20.9825,-6.0952,0.9605,20.4346,0.0005,20.0
31,21.4175,4.0557,0.9825,21.362,-6.0828,0.962,20.7947,0.0005,21.0
32,20.8129,3.7571,0.9841,20.7588,-6.1024,0.9596,20.2222,0.0005,20.0
33,21.0205,3.8596,0.9836,20.968,-6.0957,0.9604,20.4208,0.0005,20.0
34,21.2534,3.9746,0.983,21.1988,-6.0882,0.9613,20.6399,0.0005,21.0
35,20.5088,3.6069,0.9849,20.457,-6.1121,0.9583,19.9354,0.0005,20.0
36,20.2134,3.461,0.9857,20.1661,-6.1213,0.9571,19.6588,0.0005,20.0
37,20.1596,3.4344,0.9858,20.1138,-6.1229,0.9568,19.609,0.0005,20.0
38,20.3908,3.5486,0.9852,20.344,-6.1157,0.9578,19.828,0.0005,20.0
39,20.1464,3.4279,0.9858,20.0999,-6.1234,0.9568,19.5958,0.0005,20.0
40,20.3787,3.5426,0.9852,20.332,-6.1161,0.9578,19.8166,0.0005,20.0
41,19.8949,3.3037,0.9865,19.8496,-6.1312,0.9556,19.3576,0.0005,19.0
42,19.867,3.2899,0.9866,19.8238,-6.132,0.9555,19.333,0.0005,19.0
43,20.4568,3.5812,0.985,20.4109,-6.1136,0.9581,19.8916,0.0005,20.0
44,19.0901,2.9062,0.9886,19.0531,-6.1556,0.9517,18.5986,0.0004,19.0
45,19.696,3.2054,0.987,19.6568,-6.1372,0.9547,19.174,0.0004,19.0
46,18.5576,2.6431,0.99,18.5208,-6.1715,0.9489,18.0904,0.0004,18.0
47,20.0719,3.3911,0.986,20.0274,-6.1257,0.9565,19.5268,0.0005,20.0
48,19.5779,3.1471,0.9873,19.5352,-6.1409,0.9542,19.0582,0.0004,19.0
49,18.9856,2.8546,0.9889,18.9475,-6.1588,0.9512,18.4978,0.0004,18.0
50,18.9581,2.8409,0.989,18.9223,-6.1595,0.9511,18.4738,0.0004,18.0
51,18.7074,2.7171,0.9896,18.6728,-6.167,0.9497,18.2356,0.0004,18.0
52,18.7695,2.7478,0.9895,18.7356,-6.1651,0.9501,18.2956,0.0004,18.0
53,18.7218,2.7243,0.9896,18.6879,-6.1666,0.9498,18.25,0.0004,18.0
54,18.0919,2.4131,0.9912,18.0606,-6.185,0.9462,17.6505,0.0004,18.0
55,17.4711,2.1065,0.9928,17.4444,-6.2027,0.9424,17.0607,0.0004,17.0
56,18.2346,2.4836,0.9909,18.2075,-6.1807,0.9471,17.7909,0.0004,18.0
57,18.2293,2.481,0.9909,18.1993,-6.181,0.947,17.7831,0.0004,18.0
58,18.2387,2.4857,0.9908,18.2087,-6.1807,0.9471,17.7921,0.0004,18.0
59,17.373,2.058,0.9931,17.346,-6.2054,0.9417,16.9665,0.0004,17.0
60,17.6672,2.2034,0.9923,17.6424,-6.197,0.9436,17.2503,0.0004,17.0
61,17.8104,2.2741,0.9919,17.784,-6.193,0.9445,17.3859,0.0004,17.0
62,17.765,2.2517,0.9921,17.7383,-6.1943,0.9442,17.3421,0.0004,17.0
63,17.5152,2.1283,0.9927,17.4895,-6.2014,0.9427,17.1039,0.0004,17.0
64,17.9257,2.331,0.9917,17.8994,-6.1897,0.9452,17.4963,0.0004,17.0
65,17.5648,2.1528,0.9926,17.5383,-6.2,0.943,17.1507,0.0004,17.0
66,17.6308,2.1854,0.9924,17.6054,-6.1981,0.9434,17.2149,0.0004,17.0
67,17.5235,2.1324,0.9927,17.4982,-6.2011,0.9427,17.1123,0.0004,17.0
68,17.6395,2.1896,0.9924,17.6142,-6.1978,0.9435,17.2233,0.0004,17.0
69,17.6738,2.2066,0.9923,17.648,-6.1969,0.9437,17.2557,0.0004,17.0
70,16.9765,1.8622,0.994,16.9529,-6.2164,0.939,16.5897,0.0004,17.0
71,17.4187,2.0806,0.9929,17.3961,-6.204,0.942,17.0145,0.0004,17.0
72,17.8825,2.3097,0.9918,17.8568,-6.1909,0.945,17.4555,0.0004,17.0
73,17.0043,1.8759,0.994,16.9798,-6.2157,0.9392,16.6155,0.0004,17.0
74,17.898,2.3173,0.9917,17.8737,-6.1904,0.9451,17.4717,0.0004,17.0
75,16.6036,1.678,0.9949,16.5846,-6.2266,0.9363,16.2363,0.0004,16.0
76,17.1159,1.931,0.9937,17.0956,-6.2125,0.94,16.7265,0.0004,17.0
77,17.0443,1.8957,0.9939,17.0224,-6.2145,0.9395,16.6563,0.0004,17.0
78,17.13,1.938,0.9937,17.1081,-6.2121,0.9401,16.7385,0.0004,17.0
79,17.5525,2.1467,0.9926,17.5289,-6.2003,0.9429,17.1417,0.0004,17.0
80,17.3391,2.0413,0.9931,17.3147,-6.2063,0.9415,16.9365,0.0004,17.0
81,17.5306,2.1359,0.9927,17.5064,-6.2009,0.9428,17.1201,0.0004,17.0
82,16.961,1.8545,0.9941,16.9379,-6.2168,0.9389,16.5753,0.0004,17.0
83,17.3659,2.0545,0.9931,17.3435,-6.2055,0.9417,16.9641,0.0004,17.0
84,17.3925,2.0677,0.993,17.3686,-6.2048,0.9419,16.9881,0.0004,17.0
85,17.4146,2.0786,0.993,17.3905,-6.2042,0.942,17.0091,0.0004,17.0
86,17.1376,1.9418,0.9936,17.1144,-6.2119,0.9401,16.7445,0.0004,17.0
87,16.3996,1.5772,0.9954,16.3796,-6.2321,0.9348,16.0395,0.0004,16.0
88,17.1133,1.9298,0.9937,17.0937,-6.2125,0.94,16.7247,0.0004,17.0
89,17.21,1.9775,0.9935,17.1876,-6.2099,0.9406,16.8147,0.0004,17.0
90,16.4055,1.5801,0.9954,16.3852,-6.232,0.9348,16.0449,0.0004,16.0
91,17.3991,2.0709,0.993,17.3786,-6.2045,0.9419,16.9977,0.0004,17.0
92,16.756,1.7533,0.9946,16.734,-6.2225,0.9374,16.3797,0.0004,16.0
93,17.3608,2.052,0.9931,17.3391,-6.2056,0.9416,16.9599,0.0004,17.0
94,16.8474,1.7984,0.9944,16.8253,-6.2199,0.9381,16.4673,0.0004,16.0
95,16.7001,1.7257,0.9947,16.6802,-6.2239,0.937,16.3281,0.0004,16.0
96,16.6513,1.7016,0.9948,16.6321,-6.2253,0.9367,16.2819,0.0004,16.0
97,16.7364,1.7436,0.9946,16.7171,-6.2229,0.9373,16.3635,0.0004,16.0
98,17.3023,2.0231,0.9932,17.2809,-6.2073,0.9413,16.9041,0.0004,17.0
99,16.1283,1.4432,0.996,16.1086,-6.2394,0.9326,15.7791,0.0004,16.0
100,16.492,1.6229,0.9952,16.4752,-6.2295,0.9355,16.1313,0.0004,16.0
101,16.2715,1.514,0.9957,16.2541,-6.2355,0.9338,15.9189,0.0004,16.0
102,15.9759,1.3679,0.9964,15.96,-6.2434,0.9314,15.6363,0.0004,16.0
103,16.37,1.5626,0.9955,16.354,-6.2328,0.9346,16.0149,0.0004,16.0
104,15.6434,1.2037,0.9971,15.6281,-6.2521,0.9286,15.3171,0.0004,15.0
105,16.2523,1.5045,0.9957,16.2378,-6.2359,0.9336,15.9033,0.0004,16.0
106,16.3277,1.5417,0.9956,16.3109,-6.234,0.9342,15.9735,0.0004,16.0
107,16.5999,1.6762,0.9949,16.5821,-6.2266,0.9363,16.2339,0.0004,16.0
108,16.2418,1.4993,0.9958,16.2241,-6.2363,0.9335,15.8901,0.0004,16.0
109,15.9364,1.3484,0.9964,15.9207,-6.2444,0.9311,15.5985,0.0004,16.0
110,16.1732,1.4654,0.9959,16.1579,-6.2381,0.933,15.8265,0.0004,16.0
111,16.0275,1.3934,0.9962,16.0118,-6.242,0.9318,15.6861,0.0004,16.0
112,15.8631,1.3122,0.9966,15.8483,-6.2463,0.9305,15.5289,0.0004,16.0
113,15.8575,1.3095,0.9966,15.8433,-6.2465,0.9304,15.5241,0.0004,16.0
114,16.002,1.3809,0.9963,15.9875,-6.2426,0.9316,15.6627,0.0004,16.0
115,15.248,1.0084,0.9978,15.2349,-6.2623,0.925,14.9384,0.0004,15.0
116,15.6316,1.1979,0.9971,15.62,-6.2523,0.9285,15.3093,0.0004,15.0
117,15.4004,1.0837,0.9975,15.3881,-6.2584,0.9264,15.086,0.0004,15.0
118,16.3429,1.5492,0.9955,16.329,-6.2335,0.9343,15.9909,0.0004,16.0
119,15.2478,1.0083,0.9978,15.2336,-6.2624,0.925,14.9372,0.0004,15.0
120,16.1915,1.4745,0.9959,16.1785,-6.2375,0.9332,15.8463,0.0004,16.0
121,15.6379,1.201,0.9971,15.6232,-6.2523,0.9285,15.3123,0.0004,15.0
122,15.9462,1.3533,0.9964,15.9326,-6.2441,0.9312,15.6099,0.0004,16.0
123,14.9282,0.8504,0.9984,14.916,-6.2705,0.922,14.6312,0.0004,15.0
124,16.0584,1.4087,0.9962,16.0468,-6.2411,0.9321,15.7197,0.0004,16.0
125,15.3768,1.072,0.9976,15.3632,-6.259,0.9262,15.062,0.0004,15.0
126,15.3771,1.0722,0.9976,15.3657,-6.259,0.9262,15.0644,0.0004,15.0
127,15.6546,1.2092,0.997,15.6425,-6.2518,0.9287,15.3309,0.0004,15.0
128,14.9148,0.8438,0.9984,14.9036,-6.2708,0.9218,14.6192,0.0004,15.0
129,15.066,0.9185,0.9981,15.0567,-6.2669,0.9233,14.7668,0.0004,15.0
130,14.4218,0.6003,0.9991,14.411,-5.9496,0.9244,14.1464,0.3337,14.0
131,15.3485,1.058,0.9976,15.3402,-6.2596,0.926,15.0398,0.0004,15.0
132,16.4374,1.5959,0.9953,16.4234,-6.2309,0.9351,16.0815,0.0004,16.0
133,16.4135,1.5841,0.9954,16.3959,-6.2317,0.9349,16.0551,0.0004,16.0
134,15.3617,1.0646,0.9976,15.347,-6.2594,0.9261,15.0464,0.0004,15.0
135,14.9183,0.8455,0.9984,14.908,-6.2707,0.9219,14.6234,0.0004,15.0
136,16.2648,1.5107,0.9957,16.2484,-6.2357,0.9337,15.9135,0.0004,16.0
137,15.8664,1.3138,0.9966,15.8508,-6.2463,0.9305,15.5313,0.0004,16.0
138,14.5675,0.6723,0.9989,14.5577,-5.946,0.9258,14.288,0.3337,14.0
139,14.5,0.6389,0.999,14.4906,-5.9476,0.9252,14.2232,0.3337,14.0
140,14.1249,0.4536,0.9995,14.1164,-5.9569,0.9214,13.862,0.3337,14.0
141,15.7273,1.2452,0.9969,15.7142,-6.2499,0.9293,15.3999,0.0004,15.0
142,15.4276,1.0971,0.9975,15.4149,-6.2577,0.9267,15.1118,0.0004,15.0
143,16.0632,1.4111,0.9962,16.0499,-6.241,0.9321,15.7227,0.0004,16.0
144,15.177,0.9733,0.9979,15.1639,-6.2642,0.9244,14.87,0.0004,15.0
145,15.2222,0.9957,0.9979,15.2118,-6.2629,0.9248,14.9162,0.0004,15.0
146,15.1812,0.9754,0.9979,15.1707,-6.264,0.9244,14.8766,0.0004,15.0
147,14.2229,0.502,0.9994,14.2121,-5.9545,0.9224,13.9544,0.3337,14.0
148,16.3219,1.5388,0.9956,16.3053,-6.2341,0.9342,15.9681,0.0004,16.0
149,15.3608,1.0641,0.9976,15.3464,-6.2595,0.9261,15.0458,0.0004,15.0
150,15.354,1.0607,0.9976,15.3426,-6.2596,0.926,15.0422,0.0004,15.0
151,15.0917,0.9312,0.9981,15.081,-6.2663,0.9236,14.7902,0.0004,15.0
152,14.9705,0.8713,0.9983,14.9609,-6.2693,0.9224,14.6744,0.0004,15.0
153,15.0918,0.9312,0.9981,15.0823,-6.2662,0.9236,14.7914,0.0004,15.0
154,15.4393,1.1029,0.9975,15.4286,-6.2573,0.9268,15.125,0.0004,15.0
155,15.5591,1.1621,0.9972,15.5471,-6.2542,0.9278,15.2391,0.0004,15.0
156,15.0374,0.9044,0.9982,15.0262,-6.2677,0.923,14.7374,0.0004,15.0
157,14.6591,0.7175,0.9988,14.6479,-5.9437,0.9267,14.375,0.3337,14.0
158,14.187,0.4843,0.9994,14.1779,-5.9553,0.9221,13.9214,0.3337,14.0
159,14.735,0.755,0.9987,14.7263,-5.9417,0.9274,14.4506,0.3337,14.0
160,14.7317,0.7534,0.9987,14.7213,-5.9419,0.9274,14.4458,0.3337,14.0
161,14.2682,0.5244,0.9993,14.2587,-5.9534,0.9229,13.9994,0.3337,14.0
162,14.9323,0.8525,0.9984,14.9254,-6.2702,0.922,14.6402,0.0004,15.0
163,14.6613,0.7186,0.9988,14.6504,-5.9436,0.9267,14.3774,0.3337,14.0
164,14.9597,0.866,0.9983,14.9515,-6.2696,0.9223,14.6654,0.0004,15.0
165,13.7431,0.2651,0.9998,13.7318,-5.6325,0.9253,13.4924,0.667,14.0
166,15.494,1.1299,0.9974,15.4823,-6.2559,0.9273,15.1766,0.0004,15.0
167,14.7029,0.7391,0.9987,14.6902,-5.9426,0.9271,14.4158,0.3337,14.0
168,14.7672,0.7709,0.9986,14.7592,-6.2744,0.9204,14.48,0.0004,14.0
169,15.8846,1.3228,0.9966,15.8739,-6.2457,0.9306,15.5535,0.0004,16.0
170,14.6287,0.7025,0.9988,14.615,-5.9445,0.9264,14.3432,0.3337,14.0
171,14.243,0.5119,0.9994,14.2339,-5.954,0.9226,13.9754,0.3337,14.0
172,14.9241,0.8484,0.9984,14.9173,-6.2704,0.9219,14.6324,0.0004,15.0
173,14.7778,0.7762,0.9986,14.7692,-6.2742,0.9205,14.4896,0.0004,14.0
174,13.5151,0.1524,0.9999,13.5047,-5.6379,0.9229,13.2728,0.667,13.0
175,13.954,0.3692,0.9997,13.9466,-5.6273,0.9274,13.7,0.667,14.0
176,15.8559,1.3087,0.9966,15.8421,-6.2465,0.9304,15.5229,0.0004,16.0
177,14.3526,0.5661,0.9992,14.3439,-5.9513,0.9237,14.0816,0.3337,14.0
178,14.4464,0.6124,0.9991,14.4377,-5.9489,0.9247,14.1722,0.3337,14.0
179,13.963,0.3737,0.9996,13.9528,-5.6272,0.9275,13.706,0.667,14.0
180,14.259,0.5199,0.9993,14.2519,-5.9535,0.9228,13.9928,0.3337,14.0
181,14.5763,0.6766,0.9989,14.5677,-5.9457,0.9259,14.2976,0.3337,14.0
182,15.1192,0.9448,0.9981,15.1109,-6.2655,0.9238,14.819,0.0004,15.0
183,14.4431,0.6108,0.9991,14.4321,-5.9491,0.9246,14.1668,0.3337,14.0
184,14.8861,0.8296,0.9985,14.8787,-6.2714,0.9216,14.5952,0.0004,15.0
185,15.2132,0.9912,0.9979,15.2037,-6.2631,0.9247,14.9084,0.0004,15.0
186,15.1843,0.9769,0.9979,15.1738,-6.2639,0.9244,14.8796,0.0004,15.0
187,14.9907,0.8813,0.9983,14.9808,-6.2688,0.9226,14.6936,0.0004,15.0
188,15.5214,1.1435,0.9973,15.5109,-6.2552,0.9275,15.2042,0.0004,15.0
189,15.6544,1.2092,0.997,15.6419,-6.2518,0.9287,15.3303,0.0004,15.0
190,15.8725,1.3169,0.9966,15.8589,-6.2461,0.9305,15.5391,0.0004,16.0
191,15.089,0.9299,0.9981,15.0767,-6.2664,0.9235,14.786,0.0004,15.0
192,15.3899,1.0785,0.9976,15.3794,-6.2586,0.9263,15.0776,0.0004,15.0
193,15.4165,1.0916,0.9975,15.405,-6.2579,0.9266,15.1022,0.0004,15.0
194,15.6735,1.2186,0.997,15.6612,-6.2513,0.9288,15.3489,0.0004,15.0
195,15.2182,0.9937,0.9979,15.2062,-6.2631,0.9247,14.9108,0.0004,15.0
196,15.8604,1.3109,0.9966,15.8483,-6.2463,0.9304,15.5289,0.0004,16.0
197,15.8287,1.2953,0.9967,15.8146,-6.2472,0.9302,15.4965,0.0004,15.0
198,15.3399,1.0538,0.9976,15.3271,-6.26,0.9259,15.0272,0.0004,15.0
199,15.7582,1.2604,0.9968,15.746,-6.249,0.9296,15.4305,0.0004,15.0
200,15.0886,0.9297,0.9981,15.0767,-6.2664,0.9235,14.786,0.0004,15.0
201,17.0921,1.9193,0.9938,17.0706,-6.2131,0.9398,16.7025,0.0004,17.0
202,16.8302,1.7899,0.9944,16.8091,-6.2204,0.938,16.4517,0.0004,16.0
203,16.616,1.6841,0.9949,16.5965,-6.2262,0.9364,16.2477,0.0004,16.0
204,17.2397,1.9922,0.9934,17.2189,-6.209,0.9408,16.8447,0.0004,17.0
205,17.0083,1.8779,0.994,16.9861,-6.2155,0.9392,16.6215,0.0004,17.0
206,16.3478,1.5516,0.9955,16.3284,-6.2335,0.9344,15.9903,0.0004,16.0
207,16.5285,1.6409,0.9951,16.5108,-6.2286,0.9358,16.1655,0.0004,16.0
208,16.5398,1.6465,0.9951,16.5215,-6.2283,0.9358,16.1757,0.0004,16.0
209,16.7969,1.7735,0.9945,16.7778,-6.2213,0.9377,16.4217,0.0004,16.0
210,16.6084,1.6804,0.9949,16.589,-6.2264,0.9364,16.2405,0.0004,16.0
211,17.0613,1.9041,0.9938,17.0412,-6.214,0.9396,16.6743,0.0004,17.0
212,16.5742,1.6635,0.995,16.554,-6.2274,0.9361,16.2069,0.0004,16.0
213,17.0656,1.9062,0.9938,17.0455,-6.2138,0.9396,16.6785,0.0004,17.0
214,16.8909,1.8199,0.9942,16.8697,-6.2187,0.9384,16.5099,0.0004,17.0
215,16.6194,1.6858,0.9949,16.5996,-6.2261,0.9364,16.2507,0.0004,16.0
216,17.4181,2.0803,0.9929,17.3968,-6.204,0.942,17.0151,0.0004,17.0
217,18.1985,2.4658,0.9909,18.1717,-6.1818,0.9469,17.7567,0.0004,18.0
218,17.4646,2.1033,0.9928,17.4375,-6.2028,0.9423,17.0541,0.0004,17.0
219,17.9922,2.3639,0.9915,17.9659,-6.1877,0.9456,17.5599,0.0004,18.0
220,17.957,2.3465,0.9916,17.9289,-6.1888,0.9454,17.5245,0.0004,18.0
221,16.6489,1.7004,0.9948,16.6296,-6.2253,0.9367,16.2795,0.0004,16.0
222,17.9029,2.3198,0.9917,17.8756,-6.1903,0.9451,17.4735,0.0004,17.0
223,17.6157,2.1779,0.9924,17.5891,-6.1985,0.9433,17.1993,0.0004,17.0
224,19.0349,2.8789,0.9888,18.9991,-6.1572,0.9515,18.547,0.0004,19.0
225,18.1095,2.4218,0.9912,18.0769,-6.1845,0.9463,17.6661,0.0004,18.0
226,17.9014,2.319,0.9917,17.8731,-6.1904,0.9451,17.4711,0.0004,17.0
227,18.1418,2.4378,0.9911,18.1133,-6.1835,0.9465,17.7009,0.0004,18.0
228,18.4275,2.5789,0.9903,18.397,-6.1752,0.9482,17.9721,0.0004,18.0
229,18.7653,2.7457,0.9895,18.7325,-6.1652,0.95,18.2926,0.0004,18.0
230,18.3876,2.5592,0.9905,18.355,-6.1764,0.948,17.9319,0.0004,18.0
231,18.9652,2.8445,0.9889,18.9318,-6.1593,0.9511,18.4828,0.0004,18.0
232,18.4785,2.6041,0.9902,18.4448,-6.1738,0.9485,18.0177,0.0004,18.0
233,18.5069,2.6181,0.9901,18.4749,-6.1729,0.9486,18.0466,0.0004,18.0
234,19.1981,2.9595,0.9883,19.1632,-6.1523,0.9523,18.7036,0.0004,19.0
235,19.5175,3.1172,0.9875,19.4786,-6.1427,0.9539,19.0042,0.0004,19.0
236,19.0151,2.8691,0.9888,18.9771,-6.1579,0.9514,18.526,0.0004,19.0
237,18.1453,2.4395,0.9911,18.1127,-6.1835,0.9465,17.7003,0.0004,18.0
238,20.323,3.5151,0.9854,20.2765,-6.1178,0.9576,19.7638,0.0005,20.0
239,19.2166,2.9686,0.9883,19.1746,-6.1519,0.9524,18.7144,0.0004,19.0
240,19.1017,2.9119,0.9886,19.0645,-6.1553,0.9518,18.6094,0.0004,19.0
241,19.7391,3.2267,0.9869,19.6996,-6.1359,0.9549,19.2148,0.0004,19.0
242,20.1748,3.4419,0.9858,20.1308,-6.1224,0.9569,19.6252,0.0005,20.0
243,20.029,3.3699,0.9861,19.9839,-6.127,0.9563,19.4854,0.0005,19.0
244,19.8315,3.2723,0.9867,19.7879,-6.1331,0.9554,19.2988,0.0004,19.0
245,19.7313,3.2228,0.9869,19.6889,-6.1362,0.9549,19.2046,0.0004,19.0
246,21.1321,3.9147,0.9833,21.078,-6.0921,0.9609,20.5252,0.0005,21.0
247,21.0353,3.8669,0.9835,20.9813,-6.0952,0.9605,20.4334,0.0005,20.0
248,20.3925,3.5494,0.9852,20.3421,-6.1157,0.9579,19.8262,0.0005,20.0
249,20.3537,3.5303,0.9853,20.3062,-6.1169,0.9577,19.792,0.0005,20.0
250,20.7011,3.7019,0.9844,20.6521,-6.1059,0.9591,20.1208,0.0005,20.0
251,21.1217,3.9096,0.9833,21.0691,-6.0924,0.9608,20.5168,0.0005,21.0
252,21.4459,4.0697,0.9825,21.3898,-6.0819,0.9621,20.8211,0.0005,21.0
253,21.6846,4.1876,0.9819,21.6259,-6.0741,0.9629,21.0449,0.0005,21.0
254,20.4838,3.5945,0.985,20.4349,-6.1128,0.9582,19.9144,0.0005,20.0
255,21.9072,4.2975,0.9813,21.8456,-6.0668,0.9637,21.2531,0.0005,21.0
256,22.5088,4.5946,0.9798,22.4434,-6.0466,0.9658,21.8189,0.0005,22.0
257,22.2258,4.4549,0.9805,22.1593,-6.0562,0.9648,21.5501,0.0005,22.0
258,21.1124,3.905,0.9833,21.0578,-6.0928,0.9608,20.506,0.0005,21.0
259,22.5348,4.6075,0.9797,22.4669,-6.0458,0.9658,21.8411,0.0005,22.0
260,23.2386,4.9551,0.978,23.1661,-6.0216,0.968,22.5017,0.0005,23.0
261,23.9109,5.2871,0.9764,23.8309,-5.9981,0.9699,23.1288,0.0005,23.0
262,23.2726,4.9719,0.9779,23.1934,-6.0206,0.9681,22.5275,0.0005,23.0
263,23.2242,4.948,0.978,23.1483,-6.0222,0.968,22.4849,0.0005,22.0
264,23.364,5.017,0.9777,23.2875,-6.0173,0.9684,22.6163,0.0005,23.0
265,24.1301,5.3953,0.9759,24.048,-5.9903,0.9705,23.3334,0.0005,23.0
266,23.5937,5.1304,0.9772,23.5114,-6.0095,0.9691,22.8275,0.0005,23.0
267,24.2171,5.4383,0.9757,24.1334,-5.9872,0.9708,23.4138,0.0005,23.0
268,23.9048,5.2841,0.9764,23.82,-5.9985,0.9699,23.1186,0.0005,23.0
269,24.372,5.5148,0.9753,24.2857,-5.9817,0.9712,23.5572,0.0005,24.0
270,24.47,5.5632,0.9751,24.3807,-5.9782,0.9714,23.6466,0.0005,24.0
271,24.8674,5.7595,0.9742,24.7749,-5.9638,0.9724,24.0174,0.0005,24.0
272,25.0308,5.8402,0.9738,24.9352,-5.9579,0.9728,24.168,0.0005,24.0
273,24.7963,5.7244,0.9744,24.7015,-5.9665,0.9723,23.9484,0.0005,24.0
274,25.0426,5.846,0.9738,24.9473,-5.9574,0.9729,24.1794,0.0005,24.0
275,25.7912,6.2157,0.9722,25.6893,-5.9296,0.9746,24.876,0.0005,25.0
276,25.6135,6.1279,0.9726,25.5089,-5.9364,0.9742,24.7068,0.0005,25.0
277,25.8974,6.2681,0.9719,25.7917,-5.9257,0.9748,24.972,0.0005,25.0
278,26.1194,6.3778,0.9715,26.0106,-5.9174,0.9753,25.1772,0.0005,25.0
279,26.4033,6.518,0.9709,26.2911,-5.9066,0.9759,25.4401,0.0005,25.0
280,27.0654,6.8449,0.9695,26.9465,-5.881,0.9772,26.0533,0.0005,26.0
281,26.4149,6.5237,0.9708,26.2975,-5.9063,0.9759,25.4461,0.0005,25.0
282,26.0758,6.3562,0.9716,25.9645,-5.9191,0.9752,25.134,0.0005,25.0
283,27.2736,6.9478,0.9691,27.1487,-5.873,0.9776,26.2423,0.0006,26.0
284,27.269,6.9455,0.9691,27.1436,-5.8732,0.9776,26.2375,0.0006,26.0
285,27.2113,6.917,0.9692,27.0865,-5.8755,0.9775,26.1841,0.0006,26.0
286,28.2466,7.4283,0.9671,28.108,-5.8344,0.9793,27.1375,0.0006,27.0
287,27.5867,7.1024,0.9684,27.4532,-5.8609,0.9782,26.5267,0.0006,27.0
288,27.7443,7.1802,0.9681,27.6133,-5.8545,0.9785,26.6761,0.0006,27.0
289,29.5108,8.0525,0.9647,29.3538,-5.7827,0.9813,28.2968,0.0006,28.0
290,27.4274,7.0237,0.9687,27.299,-5.867,0.9779,26.3827,0.0006,26.0
291,27.9438,7.2787,0.9677,27.812,-5.8464,0.9788,26.8615,0.0006,27.0
292,29.6709,8.1316,0.9644,29.5114,-5.7761,0.9816,28.4432,0.0006,28.0
293,28.8731,7.7376,0.9659,28.7201,-5.8093,0.9804,27.7075,0.0006,28.0
294,29.1657,7.8821,0.9654,29.0148,-5.797,0.9808,27.9818,0.0006,28.0
295,28.5436,7.5749,0.9665,28.3965,-5.8226,0.9798,27.4063,0.0006,27.0
296,30.3376,8.4608,0.9632,30.1677,-5.748,0.9825,29.0522,0.0006,29.0
297,30.6974,8.6385,0.9626,30.5232,-5.7326,0.983,29.3816,0.0006,29.0
298,29.9222,8.2557,0.964,29.7531,-5.7658,0.9819,28.6676,0.0006,29.0
299,30.1268,8.3567,0.9636,29.9607,-5.7569,0.9822,28.8602,0.0006,29.0
300,30.2692,8.427,0.9634,30.1004,-5.7509,0.9824,28.9898,0.0006,29.0
301,30.1734,8.3797,0.9635,30.0047,-5.755,0.9823,28.901,0.0006,29.0
302,29.4206,8.008,0.9649,29.2595,-5.7867,0.9812,28.2092,0.0006,28.0
303,29.8038,8.1972,0.9642,29.6438,-5.7704,0.9818,28.5662,0.0006,29.0
304,30.9798,8.7779,0.9621,30.7993,-5.7205,0.9834,29.6372,0.0006,30.0
305,30.7016,8.6405,0.9626,30.5232,-5.7326,0.983,29.3816,0.0006,29.0
306,30.5971,8.5889,0.9628,30.4215,-5.737,0.9829,29.2874,0.0006,29.0
307,32.1676,9.3644,0.9601,31.9673,-5.6684,0.9848,30.7167,0.0006,31.0
308,30.2974,8.4409,0.9633,30.1263,-5.7498,0.9825,29.0138,0.0006,29.0
309,31.0637,8.8193,0.962,30.8861,-5.7167,0.9835,29.7176,0.0006,30.0
310,31.5432,9.0561,0.9612,31.3559,-5.6959,0.9841,30.152,0.0006,30.0
311,30.3332,8.4586,0.9632,30.1619,-5.7482,0.9825,29.0468,0.0006,29.0
312,31.1058,8.8401,0.9619,30.9276,-5.7148,0.9835,29.756,0.0006,30.0
313,31.7436,9.1551,0.9608,31.5539,-5.687,0.9843,30.335,0.0006,30.0
314,30.2439,8.4145,0.9634,30.0739,-5.752,0.9824,28.9652,0.0006,29.0
315,31.1375,8.8558,0.9619,30.9542,-5.7137,0.9836,29.7806,0.0006,30.0
316,31.9991,9.2812,0.9604,31.8067,-5.6757,0.9846,30.5685,0.0006,31.0
317,31.5711,9.0699,0.9611,31.3773,-5.6949,0.9841,30.1718,0.0006,30.0
318,32.4857,9.5215,0.9596,32.2795,-5.6542,0.9852,31.0047,0.0006,31.0
319,32.3974,9.4779,0.9598,32.1917,-5.6582,0.9851,30.9237,0.0006,31.0
320,32.3363,9.4477,0.9599,32.1318,-5.6609,0.985,30.8685,0.0006,31.0
321,32.9163,9.7341,0.9589,32.706,-5.6346,0.9857,31.3977,0.0006,31.0
322,32.3755,9.4671,0.9598,32.167,-5.6593,0.9851,30.9009,0.0006,31.0
323,32.5111,9.534,0.9596,32.3049,-5.653,0.9852,31.0281,0.0006,31.0
324,32.5542,9.5553,0.9595,32.3466,-5.6511,0.9853,31.0665,0.0006,31.0
325,33.0067,9.7788,0.9588,32.794,-5.6306,0.9858,31.4787,0.0006,31.0
326,33.0791,9.8145,0.9587,32.8624,-5.6274,0.9858,31.5417,0.0006,32.0
327,32.4983,9.5277,0.9596,32.2873,-5.6539,0.9852,31.0119,0.0006,31.0
328,33.0017,9.7763,0.9588,32.7894,-5.6308,0.9858,31.4745,0.0006,31.0
329,33.0686,9.8093,0.9587,32.852,-5.6279,0.9858,31.5321,0.0006,32.0
330,34.1907,10.3634,0.957,33.9538,-5.5761,0.987,32.5449,0.0006,33.0
331,33.3133,9.9301,0.9583,33.0913,-5.6168,0.9861,31.7523,0.0006,32.0
332,32.7052,9.6299,0.9593,32.4905,-5.6446,0.9854,31.1991,0.0006,31.0
333,35.0258,10.7757,0.9558,34.7737,-5.5367,0.9877,33.2967,0.0006,33.0
334,34.8921,10.7097,0.956,34.6401,-5.5432,0.9876,33.1743,0.0006,33.0
335,34.0915,10.3144,0.9572,33.8499,-5.5811,0.9869,32.4495,0.0006,32.0
336,34.4381,10.4855,0.9566,34.1983,-5.5645,0.9872,32.7693,0.0006,33.0
337,33.2112,9.8797,0.9585,32.9909,-5.6214,0.986,31.6599,0.0006,32.0
338,32.6986,9.6266,0.9593,32.4846,-5.6448,0.9854,31.1937,0.0006,31.0
339,34.4576,10.4951,0.9566,34.216,-5.5636,0.9872,32.7855,0.0006,33.0
340,34.4276,10.4803,0.9567,34.1853,-5.5651,0.9872,32.7573,0.0006,33.0
341,34.1549,10.3456,0.9571,33.9159,-5.578,0.9869,32.5101,0.0006,33.0
342,34.9279,10.7273,0.9559,34.682,-5.5412,0.9876,33.2127,0.0006,33.0
343,34.5364,10.534,0.9565,34.2893,-5.5601,0.9873,32.8527,0.0006,33.0
344,34.7652,10.647,0.9562,34.5183,-5.5491,0.9875,33.0627,0.0006,33.0
345,35.4186,10.9696,0.9552,35.1624,-5.5178,0.9881,33.6525,0.0006,34.0
346,33.7671,10.1542,0.9576,33.5363,-5.5959,0.9865,32.1615,0.0006,32.0
347,34.7723,10.6505,0.9562,34.5242,-5.5488,0.9875,33.0681,0.0006,33.0
348,34.8358,10.6819,0.9561,34.5864,-5.5458,0.9876,33.1251,0.0006,33.0
349,35.4769,10.9984,0.9552,35.2194,-5.515,0.9881,33.7047,0.0006,34.0
350,35.6134,11.0658,0.955,35.3493,-5.5086,0.9882,33.8236,0.0006,34.0
351,34.6754,10.6027,0.9563,34.428,-5.5534,0.9874,32.9799,0.0006,33.0
352,35.7463,11.1314,0.9548,35.4792,-5.5022,0.9884,33.9424,0.0006,34.0
353,35.7969,11.1564,0.9547,35.5284,-5.4997,0.9884,33.9874,0.0006,34.0
354,35.2753,10.8989,0.9554,35.0129,-5.5251,0.988,33.5157,0.0006,34.0
355,36.524,11.5154,0.9537,36.2413,-5.4642,0.989,34.6384,0.0006,35.0
356,36.8533,11.678,0.9533,36.5656,-5.4478,0.9892,34.9342,0.0006,35.0
357,35.2142,10.8687,0.9555,34.9559,-5.5279,0.9879,33.4635,0.0006,33.0
358,36.5447,11.5256,0.9537,36.2617,-5.4632,0.989,34.657,0.0006,35.0
359,36.4191,11.4636,0.9539,36.1367,-5.4694,0.9889,34.543,0.0006,35.0
360,36.6792,11.592,0.9535,36.3945,-5.4565,0.9891,34.7782,0.0006,35.0
361,36.4981,11.5026,0.9538,36.2137,-5.4656,0.989,34.6132,0.0006,35.0
362,36.4867,11.497,0.9538,36.2038,-5.4661,0.989,34.6042,0.0006,35.0
363,37.2612,11.8794,0.9528,36.9686,-5.4273,0.9896,35.3014,0.0006,35.0
364,36.2967,11.4032,0.954,36.0171,-5.4754,0.9888,34.4338,0.0006,34.0
365,36.6609,11.583,0.9535,36.3774,-5.4573,0.9891,34.7626,0.0006,35.0
366,35.4112,10.966,0.9552,35.1492,-5.5184,0.9881,33.6405,0.0006,34.0
367,36.0887,11.3005,0.9543,35.8193,-5.4853,0.9886,34.2532,0.0006,34.0
368,34.4458,10.4893,0.9566,34.2023,-5.5643,0.9872,32.7729,0.0006,33.0
369,35.2059,10.8646,0.9555,34.9545,-5.5279,0.9879,33.4623,0.0006,33.0
370,35.9833,11.2484,0.9545,35.7169,-5.4904,0.9886,34.1596,0.0006,34.0
371,35.5011,11.0104,0.9551,35.2345,-5.5142,0.9882,33.7185,0.0006,34.0
372,34.8467,10.6872,0.956,34.5916,-5.5455,0.9876,33.1299,0.0006,33.0
373,33.4564,10.0008,0.9581,33.2315,-5.6102,0.9862,31.8813,0.0006,32.0
374,34.1285,10.3326,0.9571,33.8969,-5.5789,0.9869,32.4927,0.0006,32.0
375,34.5912,10.5611,0.9564,34.3495,-5.5572,0.9873,32.9079,0.0006,33.0
376,34.293,10.4138,0.9569,34.0512,-5.5715,0.9871,32.6343,0.0006,33.0
377,34.6329,10.5817,0.9564,34.3894,-5.5553,0.9874,32.9445,0.0006,33.0
378,34.5699,10.5506,0.9564,34.3246,-5.5584,0.9873,32.8851,0.0006,33.0
379,33.7207,10.1313,0.9577,33.4913,-5.598,0.9865,32.1201,0.0006,32.0
380,35.1814,10.8525,0.9556,34.9257,-5.5293,0.9879,33.4359,0.0006,33.0
381,34.0736,10.3055,0.9572,33.8375,-5.5817,0.9868,32.4381,0.0006,32.0
382,33.4402,9.9928,0.9581,33.212,-5.6111,0.9862,31.8633,0.0006,32.0
383,33.2549,9.9013,0.9584,33.0332,-5.6195,0.986,31.6989,0.0006,32.0
384,34.0668,10.3022,0.9572,33.8375,-5.5817,0.9868,32.4381,0.0006,32.0
385,33.272,9.9097,0.9584,33.0456,-5.6189,0.986,31.7103,0.0006,32.0
386,33.2636,9.9056,0.9584,33.043,-5.619,0.986,31.7079,0.0006,32.0
387,32.8886,9.7204,0.959,32.6722,-5.6362,0.9856,31.3665,0.0006,31.0
388,33.2464,9.8971,0.9584,33.0287,-5.6197,0.986,31.6947,0.0006,32.0
389,33.0637,9.8069,0.9587,32.8455,-5.6282,0.9858,31.5261,0.0006,32.0
390,32.3074,9.4335,0.9599,32.0987,-5.6624,0.985,30.8379,0.0006,31.0
391,32.5804,9.5682,0.9595,32.3739,-5.6499,0.9853,31.0917,0.0006,31.0
392,32.193,9.377,0.9601,31.9887,-5.6674,0.9849,30.7365,0.0006,31.0
393,31.8671,9.2161,0.9606,31.6689,-5.6819,0.9845,30.4412,0.0006,30.0
394,32.1073,9.3346,0.9602,31.9088,-5.671,0.9848,30.6627,0.0006,31.0
395,30.5985,8.5896,0.9628,30.4228,-5.7369,0.9829,29.2886,0.0006,29.0
396,30.1442,8.3653,0.9636,29.9736,-5.7563,0.9823,28.8722,0.0006,29.0
397,30.5471,8.5642,0.9629,30.3755,-5.739,0.9828,29.2448,0.0006,29.0
398,30.0335,8.3106,0.9638,29.8643,-5.761,0.9821,28.7708,0.0006,29.0
399,31.7602,9.1632,0.9608,31.5669,-5.6864,0.9843,30.347,0.0006,30.0
400,31.2378,8.9053,0.9617,31.0489,-5.7095,0.9837,29.8682,0.0006,30.0
401,31.6323,9.1001,0.961,31.4429,-5.692,0.9842,30.2324,0.0006,30.0
402,31.1996,8.8864,0.9617,31.012,-5.7111,0.9837,29.834,0.0006,30.0
403,31.7481,9.1573,0.9608,31.5578,-5.6868,0.9843,30.3386,0.0006,30.0
404,30.4306,8.5067,0.9631,30.2577,-5.7441,0.9826,29.1356,0.0006,29.0
405,30.7288,8.654,0.9626,30.5536,-5.7312,0.983,29.4098,0.0006,29.0
406,29.8708,8.2303,0.9641,29.702,-5.768,0.9819,28.6202,0.0006,29.0
407,30.3211,8.4527,0.9633,30.1535,-5.7486,0.9825,29.039,0.0006,29.0
408,29.6275,8.1102,0.9645,29.4636,-5.7781,0.9815,28.3988,0.0006,28.0
409,29.0596,7.8297,0.9656,28.9052,-5.8016,0.9806,27.8798,0.0006,28.0
410,28.478,7.5425,0.9667,28.3321,-5.8253,0.9797,27.3463,0.0006,27.0
411,29.2733,7.9353,0.9652,29.1239,-5.7924,0.981,28.0832,0.0006,28.0
412,28.0035,7.3082,0.9676,27.8673,-5.8442,0.9789,26.9131,0.0006,27.0
413,29.5732,8.0833,0.9646,29.4151,-5.7801,0.9814,28.3538,0.0006,28.0
414,28.7261,7.665,0.9662,28.575,-5.8153,0.9801,27.5725,0.0006,28.0
415,28.922,7.7618,0.9658,28.7742,-5.807,0.9804,27.7579,0.0006,28.0
416,27.8005,7.208,0.968,27.6673,-5.8523,0.9786,26.7265,0.0006,27.0
417,29.2919,7.9444,0.9651,29.1381,-5.7918,0.981,28.0964,0.0006,28.0
418,29.1624,7.8805,0.9654,29.009,-5.7972,0.9808,27.9764,0.0006,28.0
419,28.5839,7.5948,0.9665,28.4365,-5.821,0.9799,27.4435,0.0006,27.0
420,28.533,7.5697,0.9666,28.3894,-5.8229,0.9798,27.3997,0.0006,27.0
421,28.9397,7.7705,0.9658,28.7929,-5.8062,0.9805,27.7753,0.0006,28.0
422,28.8127,7.7078,0.966,28.6646,-5.8116,0.9803,27.6559,0.0006,28.0
423,27.2032,6.913,0.9692,27.0781,-5.8758,0.9775,26.1763,0.0006,26.0
424,27.1863,6.9047,0.9692,27.0621,-5.8764,0.9774,26.1613,0.0006,26.0
425,27.6927,7.1547,0.9682,27.5644,-5.8564,0.9784,26.6305,0.0006,27.0
426,28.5978,7.6017,0.9664,28.459,-5.8201,0.9799,27.4645,0.0006,27.0
427,28.7619,7.6827,0.9661,28.6163,-5.8136,0.9802,27.6109,0.0006,28.0
428,28.3222,7.4656,0.967,28.1795,-5.8315,0.9795,27.2041,0.0006,27.0
429,27.6137,7.1157,0.9684,27.4796,-5.8598,0.9782,26.5513,0.0006,27.0
430,29.4589,8.0269,0.9648,29.3027,-5.7849,0.9813,28.2494,0.0006,28.0
431,29.0475,7.8238,0.9656,28.8942,-5.802,0.9806,27.8696,0.0006,28.0
432,29.0925,7.846,0.9655,28.9413,-5.8001,0.9807,27.9134,0.0006,28.0
433,29.3096,7.9532,0.9651,29.1562,-5.7911,0.981,28.1132,0.0006,28.0
434,29.0388,7.8194,0.9656,28.8865,-5.8023,0.9806,27.8624,0.0006,28.0
435,30.0126,8.3003,0.9638,29.8475,-5.7618,0.9821,28.7552,0.0006,29.0
436,29.3329,7.9647,0.9651,29.1736,-5.7903,0.9811,28.1294,0.0006,28.0
437,29.0454,7.8227,0.9656,28.8929,-5.8021,0.9806,27.8684,0.0006,28.0
438,28.9051,7.7534,0.9659,28.7555,-5.8078,0.9804,27.7405,0.0006,28.0
439,29.6082,8.1006,0.9646,29.4532,-5.7785,0.9815,28.3892,0.0006,28.0
440,29.2307,7.9142,0.9652,29.0749,-5.7945,0.9809,28.0376,0.0006,28.0
441,29.6077,8.1004,0.9646,29.4506,-5.7786,0.9815,28.3868,0.0006,28.0
442,29.6746,8.1334,0.9644,29.5146,-5.7759,0.9816,28.4462,0.0006,28.0
443,28.9876,7.7942,0.9657,28.8336,-5.8045,0.9805,27.8131,0.0006,28.0
444,31.4237,8.9971,0.9614,31.2365,-5.7012,0.9839,30.0416,0.0006,30.0
445,29.8727,8.2312,0.9641,29.7085,-5.7677,0.9819,28.6262,0.0006,29.0
446,30.2029,8.3943,0.9635,30.0364,-5.7536,0.9823,28.9304,0.0006,29.0
447,29.039,7.8195,0.9656,28.8877,-5.8023,0.9806,27.8636,0.0006,28.0
448,30.0698,8.3286,0.9637,29.9038,-5.7593,0.9821,28.8074,0.0006,29.0
449,30.2492,8.4172,0.9634,30.081,-5.7517,0.9824,28.9718,0.0006,29.0
450,31.0719,8.8234,0.962,30.8946,-5.7163,0.9835,29.7254,0.0006,30.0
451,30.2537,8.4194,0.9634,30.0791,-5.7518,0.9824,28.97,0.0006,29.0
452,30.7159,8.6476,0.9626,30.542,-5.7317,0.983,29.399,0.0006,29.0
453,29.7719,8.1815,0.9643,29.6096,-5.7719,0.9817,28.5344,0.0006,29.0
454,30.7625,8.6706,0.9625,30.5854,-5.7299,0.9831,29.4392,0.0006,29.0
455,30.9273,8.752,0.9622,30.7481,-5.7227,0.9833,29.5898,0.0006,30.0
456,31.7299,9.1483,0.9609,31.5416,-5.6876,0.9843,30.3236,0.0006,30.0
457,30.1887,8.3873,0.9635,30.0195,-5.7544,0.9823,28.9148,0.0006,29.0
458,30.6592,8.6196,0.9627,30.4863,-5.7342,0.983,29.3474,0.0006,29.0
459,30.9685,8.7723,0.9621,30.7895,-5.7209,0.9834,29.6282,0.0006,30.0
460,31.5741,9.0713,0.9611,31.3871,-5.6945,0.9841,30.1808,0.0006,30.0
461,30.7893,8.6838,0.9625,30.6061,-5.7289,0.9831,29.4584,0.0006,29.0
462,30.754,8.6664,0.9625,30.5763,-5.7303,0.9831,29.4308,0.0006,29.0
463,31.0975,8.836,0.9619,30.9166,-5.7153,0.9835,29.7458,0.0006,30.0
464,31.3697,8.9704,0.9615,31.1839,-5.7035,0.9839,29.993,0.0006,30.0
465,31.1159,8.8451,0.9619,30.9309,-5.7147,0.9835,29.759,0.0006,30.0
466,32.1421,9.3518,0.9602,31.9419,-5.6696,0.9848,30.6933,0.0006,31.0
467,31.0548,8.815,0.962,30.8719,-5.7173,0.9835,29.7044,0.0006,30.0
468,31.2678,8.9201,0.9616,31.0833,-5.708,0.9837,29.9,0.0006,30.0
469,30.6256,8.603,0.9627,30.4461,-5.7359,0.9829,29.3102,0.0006,29.0
470,30.5149,8.5483,0.9629,30.3406,-5.7405,0.9828,29.2124,0.0006,29.0
471,31.107,8.8407,0.9619,30.9276,-5.7148,0.9835,29.756,0.0006,30.0
472,30.469,8.5257,0.963,30.292,-5.7426,0.9827,29.1674,0.0006,29.0
473,31.4205,8.9955,0.9614,31.2326,-5.7014,0.9839,30.038,0.0006,30.0
474,31.7313,9.149,0.9609,31.5397,-5.6877,0.9843,30.3218,0.0006,30.0
475,32.0078,9.2855,0.9604,31.8113,-5.6755,0.9846,30.5727,0.0006,31.0
476,31.9368,9.2505,0.9605,31.7391,-5.6787,0.9846,30.5061,0.0006,31.0
477,31.935,9.2496,0.9605,31.7378,-5.6788,0.9846,30.5049,0.0006,31.0
478,32.2326,9.3965,0.96,32.0323,-5.6655,0.9849,30.7767,0.0006,31.0
479,32.5871,9.5716,0.9595,32.3811,-5.6496,0.9853,31.0983,0.0006,31.0
480,31.9499,9.2569,0.9605,31.7482,-5.6783,0.9846,30.5145,0.0006,31.0
481,33.3969,9.9714,0.9582,33.1748,-5.6129,0.9862,31.8291,0.0006,32.0
482,31.9312,9.2477,0.9605,31.7333,-5.679,0.9846,30.5006,0.0006,31.0
483,32.5153,9.5361,0.9596,32.3121,-5.6527,0.9852,31.0347,0.0006,31.0
484,32.0007,9.282,0.9604,31.7989,-5.676,0.9846,30.5613,0.0006,31.0
485,31.3023,8.9372,0.9616,31.1112,-5.7067,0.9838,29.9258,0.0006,30.0
486,31.697,9.1321,0.9609,31.5065,-5.6891,0.9843,30.2912,0.0006,30.0
487,31.1921,8.8828,0.9618,31.0042,-5.7115,0.9836,29.8268,0.0006,30.0
488,32.755,9.6545,0.9592,32.5445,-5.6421,0.9855,31.2489,0.0006,31.0
489,31.6131,9.0906,0.9611,31.4208,-5.693,0.9842,30.212,0.0006,30.0
490,32.2185,9.3896,0.9601,32.0206,-5.666,0.9849,30.7659,0.0006,31.0
491,32.5561,9.5562,0.9595,32.3505,-5.651,0.9853,31.0701,0.0006,31.0
492,32.2724,9.4161,0.96,32.0674,-5.6639,0.9849,30.8091,0.0006,31.0
493,32.6729,9.6139,0.9593,32.4657,-5.6457,0.9854,31.1763,0.0006,31.0
494,32.1253,9.3435,0.9602,31.9211,-5.6705,0.9848,30.6741,0.0006,31.0
495,31.271,8.9217,0.9616,31.0794,-5.7081,0.9837,29.8964,0.0006,30.0
496,32.377,9.4678,0.9598,32.1728,-5.6591,0.9851,30.9063,0.0006,31.0
497,33.6057,10.0745,0.9579,33.3797,-5.6033,0.9864,32.0175,0.0006,32.0
498,31.7807,9.1734,0.9608,31.5851,-5.6856,0.9844,30.3638,0.0006,30.0
499,32.2611,9.4106,0.96,32.0616,-5.6641,0.9849,30.8037,0.0006,31.0
500,31.4568,9.0135,0.9613,31.2624,-5.7,0.984,30.0656,0.0006,30.0
501,31.637,9.1024,0.961,31.4461,-5.6918,0.9842,30.2354,0.0006,30.0
502,31.4231,8.9968,0.9614,31.2332,-5.7013,0.9839,30.0386,0.0006,30.0
503,32.5141,9.5355,0.9596,32.3075,-5.6529,0.9852,31.0305,0.0006,31.0
504,33.4271,9.9863,0.9582,33.2041,-5.6115,0.9862,31.8561,0.0006,32.0
505,32.2552,9.4077,0.96,32.0518,-5.6646,0.9849,30.7947,0.0006,31.0
506,32.0764,9.3194,0.9603,31.8756,-5.6725,0.9847,30.6321,0.0006,31.0
507,32.2868,9.4233,0.9599,32.085,-5.6631,0.985,30.8253,0.0006,31.0
508,32.993,9.772,0.9588,32.7823,-5.6311,0.9857,31.4679,0.0006,31.0
509,32.1531,9.3573,0.9602,31.9465,-5.6693,0.9848,30.6975,0.0006,31.0
510,31.4718,9.0209,0.9613,31.278,-5.6993,0.984,30.08,0.0006,30.0
511,33.1364,9.8428,0.9586,32.9191,-5.6248,0.9859,31.5939,0.0006,32.0
512,31.6873,9.1273,0.9609,31.4935,-5.6897,0.9843,30.2792,0.0006,30.0
513,33.5634,10.0536,0.9579,33.3385,-5.6052,0.9863,31.9797,0.0006,32.0
514,32.3353,9.4472,0.9599,32.1305,-5.661,0.985,30.8673,0.0006,31.0
515,31.8714,9.2182,0.9606,31.6722,-5.6817,0.9845,30.4442,0.0006,30.0
516,31.88,9.2224,0.9606,31.6839,-5.6812,0.9845,30.455,0.0006,30.0
517,32.0561,9.3094,0.9603,31.8581,-5.6733,0.9847,30.6159,0.0006,31.0
518,32.3622,9.4605,0.9598,32.1598,-5.6597,0.985,30.8943,0.0006,31.0
519,31.9517,9.2578,0.9605,31.7515,-5.6781,0.9846,30.5175,0.0006,31.0
520,32.42,9.4891,0.9597,32.2177,-5.657,0.9851,30.9477,0.0006,31.0
521,33.1119,9.8307,0.9586,32.8989,-5.6257,0.9859,31.5753,0.0006,32.0
522,32.1981,9.3795,0.9601,31.9959,-5.6671,0.9849,30.7431,0.0006,31.0
523,33.2032,9.8758,0.9585,32.9843,-5.6217,0.986,31.6539,0.0006,32.0
524,30.8657,8.7216,0.9623,30.6852,-5.7255,0.9832,29.5316,0.0006,30.0
525,31.5694,9.0691,0.9611,31.3832,-5.6947,0.9841,30.1772,0.0006,30.0
526,32.2747,9.4173,0.96,32.0765,-5.6634,0.985,30.8175,0.0006,31.0
527,33.0008,9.7758,0.9588,32.7901,-5.6308,0.9858,31.4751,0.0006,31.0
528,32.84,9.6964,0.9591,32.6259,-5.6383,0.9856,31.3239,0.0006,31.0
529,31.2147,8.8939,0.9617,31.0288,-5.7104,0.9837,29.8496,0.0006,30.0
530,32.4332,9.4956,0.9597,32.2281,-5.6566,0.9851,30.9573,0.0006,31.0
531,32.5523,9.5544,0.9595,32.3453,-5.6512,0.9853,31.0653,0.0006,31.0
532,32.0798,9.3211,0.9603,31.8769,-5.6725,0.9847,30.6333,0.0006,31.0
533,32.5873,9.5717,0.9595,32.3824,-5.6495,0.9853,31.0995,0.0006,31.0
534,32.6409,9.5981,0.9594,32.4319,-5.6472,0.9854,31.1451,0.0006,31.0
535,32.5288,9.5428,0.9596,32.3205,-5.6523,0.9852,31.0425,0.0006,31.0
536,31.7545,9.1605,0.9608,31.5552,-5.687,0.9843,30.3362,0.0006,30.0
537,31.4816,9.0257,0.9613,31.2903,-5.6988,0.984,30.0914,0.0006,30.0
538,33.0581,9.8041,0.9587,32.8422,-5.6283,0.9858,31.5231,0.0006,32.0
539,32.2121,9.3864,0.9601,32.0044,-5.6667,0.9849,30.7509,0.0006,31.0
540,31.9822,9.2729,0.9604,31.7827,-5.6767,0.9846,30.5463,0.0006,31.0
541,32.5268,9.5418,0.9596,32.3231,-5.6522,0.9852,31.0449,0.0006,31.0
542,32.2774,9.4186,0.96,32.0726,-5.6636,0.985,30.8139,0.0006,31.0
543,32.6769,9.6159,0.9593,32.4696,-5.6455,0.9854,31.1799,0.0006,31.0
544,33.3985,9.9722,0.9582,33.1806,-5.6126,0.9862,31.8345,0.0006,32.0
545,32.6025,9.5792,0.9594,32.3882,-5.6492,0.9853,31.1049,0.0006,31.0
546,33.0328,9.7916,0.9588,32.8194,-5.6294,0.9858,31.5021,0.0006,32.0
547,32.1784,9.3697,0.9601,31.9712,-5.6682,0.9848,30.7203,0.0006,31.0
548,32.5308,9.5438,0.9596,32.3257,-5.6521,0.9852,31.0473,0.0006,31.0
549,33.4922,10.0185,0.9581,33.2681,-5.6085,0.9863,31.9149,0.0006,32.0
550,32.8468,9.6998,0.9591,32.6292,-5.6382,0.9856,31.3269,0.0006,31.0
551,31.9846,9.274,0.9604,31.7807,-5.6768,0.9846,30.5445,0.0006,31.0
552,31.8349,9.2001,0.9607,31.6384,-5.6832,0.9844,30.413,0.0006,30.0
553,34.4437,10.4883,0.9566,34.2029,-5.5643,0.9872,32.7735,0.0006,33.0
554,34.5552,10.5433,0.9565,34.3115,-5.559,0.9873,32.8731,0.0006,33.0
555,34.0176,10.2779,0.9573,33.7793,-5.5844,0.9868,32.3847,0.0006,32.0
556,34.6705,10.6003,0.9563,34.4286,-5.5534,0.9874,32.9805,0.0006,33.0
557,33.5453,10.0447,0.958,33.319,-5.6061,0.9863,31.9617,0.0006,32.0
558,33.3289,9.9378,0.9583,33.1056,-5.6161,0.9861,31.7655,0.0006,32.0
559,33.858,10.1991,0.9575,33.6304,-5.5915,0.9866,32.2479,0.0006,32.0
560,33.0094,9.7801,0.9588,32.7875,-5.6309,0.9858,31.4727,0.0006,31.0
561,34.1155,10.3262,0.9571,33.8799,-5.5797,0.9869,32.4771,0.0006,32.0
562,34.0897,10.3135,0.9572,33.8538,-5.5809,0.9869,32.4531,0.0006,32.0
563,34.6082,10.5695,0.9564,34.3665,-5.5564,0.9874,32.9235,0.0006,33.0
564,33.3421,9.9443,0.9583,33.1193,-5.6155,0.9861,31.7781,0.0006,32.0
565,34.1012,10.3192,0.9571,33.8708,-5.5801,0.9869,32.4687,0.0006,32.0
566,34.2655,10.4003,0.9569,34.0277,-5.5726,0.987,32.6127,0.0006,33.0
567,33.4043,9.975,0.9582,33.1806,-5.6126,0.9862,31.8345,0.0006,32.0
568,34.444,10.4884,0.9566,34.2023,-5.5643,0.9872,32.7729,0.0006,33.0
569,34.6678,10.5989,0.9563,34.4227,-5.5537,0.9874,32.9751,0.0006,33.0
570,34.2234,10.3795,0.957,33.9819,-5.5748,0.987,32.5707,0.0006,33.0
571,34.8032,10.6658,0.9561,34.5582,-5.5472,0.9875,33.0993,0.0006,33.0
572,34.0862,10.3118,0.9572,33.8453,-5.5813,0.9869,32.4453,0.0006,32.0
573,34.7187,10.6241,0.9562,34.4758,-5.5511,0.9875,33.0237,0.0006,33.0
574,35.1582,10.8411,0.9556,34.9054,-5.5303,0.9879,33.4173,0.0006,33.0
575,35.0031,10.7645,0.9558,34.7488,-5.5379,0.9877,33.2739,0.0006,33.0
576,34.6535,10.5918,0.9563,34.4044,-5.5546,0.9874,32.9583,0.0006,33.0
577,34.9482,10.7374,0.9559,34.6984,-5.5404,0.9877,33.2277,0.0006,33.0
578,34.5782,10.5547,0.9564,34.3305,-5.5581,0.9873,32.8905,0.0006,33.0
579,34.1097,10.3233,0.9571,33.8701,-5.5801,0.9869,32.4681,0.0006,32.0
580,34.1961,10.366,0.957,33.959,-5.5759,0.987,32.5497,0.0006,33.0
581,35.5493,11.0341,0.9551,35.2863,-5.5117,0.9882,33.766,0.0006,34.0
582,35.5768,11.0477,0.955,35.3126,-5.5104,0.9882,33.79,0.0006,34.0
583,35.4608,10.9904,0.9552,35.1978,-5.516,0.9881,33.6849,0.0006,34.0
584,36.131,11.3213,0.9543,35.8607,-5.4832,0.9887,34.291,0.0006,34.0
585,36.0306,11.2718,0.9544,35.7563,-5.4884,0.9886,34.1956,0.0006,34.0
586,34.8792,10.7033,0.956,34.6277,-5.5438,0.9876,33.1629,0.0006,33.0
587,36.049,11.2809,0.9544,35.776,-5.4875,0.9886,34.2136,0.0006,34.0
588,35.8026,11.1592,0.9547,35.5317,-5.4996,0.9884,33.9904,0.0006,34.0
589,35.2396,10.8812,0.9555,34.9775,-5.5268,0.9879,33.4833,0.0006,33.0
590,36.691,11.5979,0.9535,36.4051,-5.4559,0.9891,34.7878,0.0006,35.0
591,36.3824,11.4455,0.9539,36.0993,-5.4713,0.9889,34.5088,0.0006,35.0
592,37.4359,11.9656,0.9525,37.1341,-5.4188,0.9897,35.452,0.0006,35.0
593,36.6495,11.5774,0.9536,36.357,-5.4584,0.9891,34.744,0.0006,35.0
594,36.6771,11.591,0.9535,36.3906,-5.4567,0.9891,34.7746,0.0006,35.0
595,36.7939,11.6487,0.9534,36.5057,-5.4509,0.9892,34.8796,0.0006,35.0
596,36.6623,11.5837,0.9535,36.3748,-5.4575,0.9891,34.7602,0.0006,35.0
597,36.4181,11.4631,0.9539,36.1348,-5.4695,0.9889,34.5412,0.0006,35.0
598,36.9471,11.7243,0.9532,36.6591,-5.4431,0.9893,35.0194,0.0006,35.0
599,36.0632,11.2879,0.9543,35.7885,-5.4868,0.9886,34.225,0.0006,34.0
600,37.8512,12.1706,0.952,37.541,-5.3979,0.99,35.8222,0.0006,36.0
601,37.2559,11.8767,0.9528,36.9522,-5.4282,0.9896,35.2864,0.0006,35.0
602,36.9921,11.7465,0.9531,36.6966,-5.4412,0.9894,35.0536,0.0006,35.0
603,36.528,11.5174,0.9537,36.2406,-5.4642,0.989,34.6378,0.0006,35.0
604,37.5397,12.0169,0.9524,37.2356,-5.4136,0.9898,35.5444,0.0006,36.0
605,37.3294,11.913,0.9527,37.0273,-5.4243,0.9896,35.3548,0.0006,35.0
606,35.5849,11.0517,0.955,35.3191,-5.5101,0.9882,33.796,0.0006,34.0
607,37.0473,11.7737,0.953,36.7539,-5.4383,0.9894,35.1058,0.0006,35.0
608,36.9683,11.7348,0.9531,36.6749,-5.4423,0.9893,35.0338,0.0006,35.0
609,38.1937,12.3398,0.9516,37.8757,-5.3804,0.9902,36.1264,0.0006,36.0
610,36.2095,11.3601,0.9541,35.931,-5.4797,0.9887,34.3552,0.0006,34.0
611,37.355,11.9257,0.9526,37.055,-5.4229,0.9896,35.38,0.0006,35.0
612,37.6097,12.0514,0.9523,37.3055,-5.41,0.9898,35.608,0.0006,36.0
613,37.5524,12.0231,0.9524,37.2468,-5.413,0.9898,35.5546,0.0006,36.0
614,37.6134,12.0532,0.9523,37.3075,-5.4099,0.9898,35.6098,0.0006,36.0
615,37.1351,11.8171,0.9529,36.8349,-5.4341,0.9895,35.1796,0.0006,35.0
616,36.9917,11.7463,0.9531,36.6973,-5.4411,0.9894,35.0542,0.0006,35.0
617,37.1513,11.8251,0.9529,36.856,-5.4331,0.9895,35.1988,0.0006,35.0
618,37.1193,11.8093,0.9529,36.8231,-5.4347,0.9895,35.1688,0.0006,35.0
619,37.3139,11.9054,0.9527,37.0154,-5.4249,0.9896,35.344,0.0006,35.0
620,36.9565,11.7289,0.9531,36.6611,-5.443,0.9893,35.0212,0.0006,35.0
621,36.9996,11.7502,0.9531,36.7065,-5.4407,0.9894,35.0626,0.0006,35.0
622,37.1641,11.8314,0.9529,36.8685,-5.4324,0.9895,35.2102,0.0006,35.0
623,37.7204,12.1061,0.9522,37.4163,-5.4043,0.9899,35.7088,0.0006,36.0
624,37.5393,12.0167,0.9524,37.233,-5.4138,0.9898,35.542,0.0006,36.0
625,37.0478,11.774,0.953,36.7493,-5.4385,0.9894,35.1016,0.0006,35.0
626,37.4909,11.9928,0.9525,37.1908,-5.4159,0.9897,35.5036,0.0006,36.0
627,37.4312,11.9633,0.9525,37.1281,-5.4191,0.9897,35.4466,0.0006,35.0
628,37.6946,12.0933,0.9522,37.3886,-5.4057,0.9899,35.6836,0.0006,36.0
629,36.995,11.7479,0.9531,36.696,-5.4412,0.9894,35.053,0.0006,35.0
630,37.6267,12.0598,0.9523,37.3253,-5.409,0.9898,35.626,0.0006,36.0
631,37.459,11.977,0.9525,37.1545,-5.4178,0.9897,35.4706,0.0006,35.0
632,36.9804,11.7407,0.9531,36.6835,-5.4418,0.9893,35.0416,0.0006,35.0
633,37.3194,11.9081,0.9527,37.022,-5.4246,0.9896,35.35,0.0006,35.0
634,38.6383,12.5592,0.951,38.3106,-5.3576,0.9905,36.5212,0.0006,37.0
635,37.1403,11.8197,0.9529,36.8428,-5.4337,0.9895,35.1868,0.0006,35.0
636,37.1766,11.8376,0.9529,36.8797,-5.4319,0.9895,35.2204,0.0006,35.0
637,37.1175,11.8084,0.9529,36.8211,-5.4348,0.9894,35.167,0.0006,35.0
638,38.0724,12.2799,0.9517,37.7568,-5.3866,0.9901,36.0184,0.0006,36.0
639,38.1307,12.3087,0.9516,37.8136,-5.3837,0.9902,36.07,0.0006,36.0
640,37.6376,12.0652,0.9523,37.3266,-5.4089,0.9898,35.6272,0.0006,36.0
641,37.3089,11.9029,0.9527,37.0062,-5.4254,0.9896,35.3356,0.0006,35.0
642,37.7784,12.1347,0.9521,37.4724,-5.4014,0.9899,35.7598,0.0006,36.0
643,37.7456,12.1185,0.9521,37.4361,-5.4033,0.9899,35.7268,0.0006,36.0
644,37.0301,11.7653,0.9531,36.7302,-5.4395,0.9894,35.0842,0.0006,35.0
645,37.4066,11.9512,0.9526,37.1077,-5.4202,0.9897,35.428,0.0006,35.0
646,37.7712,12.1312,0.9521,37.4645,-5.4018,0.9899,35.7526,0.0006,36.0
647,36.8057,11.6545,0.9533,36.5156,-5.4504,0.9892,34.8886,0.0006,35.0
648,37.4007,11.9483,0.9526,37.1037,-5.4204,0.9897,35.4244,0.0006,35.0
649,37.0006,11.7507,0.9531,36.7039,-5.4408,0.9894,35.0602,0.0006,35.0
650,38.4097,12.4464,0.9513,38.0871,-5.3694,0.9904,36.3184,0.0006,36.0
651,37.2928,11.895,0.9527,36.9924,-5.4261,0.9896,35.323,0.0006,35.0
652,37.3067,11.9018,0.9527,37.0069,-5.4254,0.9896,35.3362,0.0006,35.0
653,37.0939,11.7967,0.953,36.7967,-5.4361,0.9894,35.1448,0.0006,35.0
654,36.7334,11.6188,0.9534,36.4426,-5.454,0.9892,34.822,0.0006,35.0
655,36.6891,11.5969,0.9535,36.4018,-5.4561,0.9891,34.7848,0.0006,35.0
656,37.0421,11.7712,0.953,36.7506,-5.4384,0.9894,35.1028,0.0006,35.0
657,38.2856,12.3851,0.9515,37.9655,-5.3758,0.9903,36.208,0.0006,36.0
658,37.3324,11.9145,0.9527,37.0312,-5.4241,0.9896,35.3584,0.0006,35.0
659,36.4986,11.5029,0.9538,36.215,-5.4655,0.989,34.6144,0.0006,35.0
660,37.7747,12.1329,0.9521,37.4658,-5.4017,0.9899,35.7538,0.0006,36.0
661,37.3507,11.9236,0.9526,37.0464,-5.4233,0.9896,35.3722,0.0006,35.0
662,37.8242,12.1573,0.952,37.5172,-5.3991,0.99,35.8006,0.0006,36.0
663,38.0276,12.2577,0.9518,37.7139,-5.3889,0.9901,35.9794,0.0006,36.0
664,37.6374,12.0651,0.9523,37.3273,-5.4089,0.9898,35.6278,0.0006,36.0
665,36.9872,11.7441,0.9531,36.6887,-5.4416,0.9894,35.0464,0.0006,35.0
666,36.7112,11.6078,0.9535,36.4215,-5.4551,0.9891,34.8028,0.0006,35.0
667,37.8315,12.1609,0.952,37.5212,-5.3989,0.99,35.8042,0.0006,36.0
668,36.3025,11.406,0.954,36.0224,-5.4752,0.9888,34.4386,0.0006,34.0
669,37.0796,11.7897,0.953,36.7908,-5.4364,0.9894,35.1394,0.0006,35.0
670,37.6301,12.0615,0.9523,37.3279,-5.4089,0.9898,35.6284,0.0006,36.0
671,37.9216,12.2054,0.9519,37.611,-5.3942,0.99,35.8858,0.0006,36.0
672,38.0137,12.2509,0.9518,37.6994,-5.3896,0.9901,35.9662,0.0006,36.0
673,37.9616,12.2252,0.9519,37.6473,-5.3923,0.9901,35.9188,0.0006,36.0
674,38.1492,12.3178,0.9516,37.8328,-5.3827,0.9902,36.0874,0.0006,36.0
675,38.0718,12.2796,0.9517,37.7549,-5.3867,0.9901,36.0166,0.0006,36.0
676,37.2656,11.8816,0.9527,36.966,-5.4274,0.9896,35.299,0.0006,35.0
677,38.1218,12.3042,0.9517,37.805,-5.3841,0.9902,36.0622,0.0006,36.0
678,38.1051,12.296,0.9517,37.7879,-5.385,0.9902,36.0466,0.0006,36.0
679,39.119,12.7966,0.9504,38.7803,-5.3328,0.9908,36.9472,0.0006,37.0
680,38.3196,12.4019,0.9514,37.9973,-5.3741,0.9903,36.2368,0.0006,36.0
681,38.3183,12.4013,0.9514,37.9966,-5.3741,0.9903,36.2362,0.0006,36.0
682,38.4462,12.4644,0.9513,38.1228,-5.3675,0.9904,36.3508,0.0006,36.0
683,38.9837,12.7298,0.9506,38.6519,-5.3396,0.9907,36.8308,0.0006,37.0
684,37.9478,12.2184,0.9519,37.6334,-5.3931,0.9901,35.9062,0.0006,36.0
685,38.5161,12.4989,0.9512,38.1949,-5.3637,0.9904,36.4162,0.0006,36.0
686,39.1058,12.7901,0.9505,38.7717,-5.3332,0.9908,36.9394,0.0006,37.0
687,38.1806,12.3333,0.9516,37.8612,-5.3812,0.9902,36.1132,0.0006,36.0
688,38.212,12.3488,0.9515,37.8929,-5.3796,0.9902,36.142,0.0006,36.0
689,38.6082,12.5444,0.9511,38.2834,-5.3591,0.9905,36.4966,0.0006,36.0
690,38.7021,12.5908,0.9509,38.3727,-5.3544,0.9906,36.5776,0.0006,37.0
691,39.6493,13.0584,0.9498,39.2984,-5.305,0.9912,37.4164,0.0006,37.0
692,39.0071,12.7413,0.9506,38.6645,-5.3389,0.9908,36.8422,0.0006,37.0
693,39.0034,12.7395,0.9506,38.6665,-5.3388,0.9908,36.844,0.0006,37.0
694,38.9403,12.7084,0.9507,38.6043,-5.3421,0.9907,36.7876,0.0006,37.0
695,39.1734,12.8234,0.9504,38.8346,-5.3299,0.9909,36.9964,0.0006,37.0
696,37.7795,12.1352,0.9521,37.4684,-5.4016,0.9899,35.7562,0.0006,36.0
697,39.477,12.9733,0.95,39.1307,-5.314,0.9911,37.2646,0.0006,37.0
698,39.1231,12.7986,0.9504,38.7803,-5.3328,0.9908,36.9472,0.0006,37.0
699,39.1501,12.8119,0.9504,38.8101,-5.3312,0.9909,36.9742,0.0006,37.0
700,37.7438,12.1176,0.9521,37.4334,-5.4034,0.9899,35.7244,0.0006,36.0
701,38.6711,12.5754,0.951,38.3423,-5.356,0.9905,36.55,0.0006,37.0
702,38.0683,12.2778,0.9517,37.7469,-5.3872,0.9901,36.0094,0.0006,36.0
703,39.2253,12.849,0.9503,38.8843,-5.3272,0.9909,37.0414,0.0006,37.0
704,38.839,12.6583,0.9508,38.5024,-5.3475,0.9907,36.6952,0.0006,37.0
705,40.0551,13.2587,0.9493,39.6951,-5.2835,0.9914,37.7752,0.0006,38.0
706,40.4637,13.4605,0.9489,40.0968,-5.2616,0.9917,38.1382,0.0006,38.0
707,39.0662,12.7705,0.9505,38.7267,-5.3356,0.9908,36.8986,0.0006,37.0
708,39.0416,12.7583,0.9505,38.7035,-5.3368,0.9908,36.8776,0.0006,37.0
709,39.4443,12.9572,0.9501,39.1009,-5.3156,0.991,37.2376,0.0006,37.0
710,40.8149,13.6338,0.9485,40.4372,-5.2429,0.9919,38.4454,0.0006,38.0
711,39.502,12.9856,0.95,39.1526,-5.3128,0.9911,37.2844,0.0006,37.0
712,39.716,13.0913,0.9497,39.3647,-5.3014,0.9912,37.4764,0.0006,37.0
713,39.2132,12.8431,0.9503,38.8671,-5.3281,0.9909,37.0258,0.0006,37.0
714,39.675,13.0711,0.9498,39.3269,-5.3035,0.9912,37.4422,0.0006,37.0
715,40.0432,13.2529,0.9494,39.6858,-5.2841,0.9914,37.7668,0.0006,38.0
716,38.9035,12.6902,0.9507,38.5679,-5.344,0.9907,36.7546,0.0006,37.0
717,39.7172,13.0919,0.9497,39.3647,-5.3014,0.9912,37.4764,0.0006,37.0
718,40.0268,13.2447,0.9494,39.6692,-5.285,0.9914,37.7518,0.0006,38.0
719,39.0395,12.7573,0.9505,38.7009,-5.337,0.9908,36.8752,0.0006,37.0
720,40.8915,13.6716,0.9484,40.5123,-5.2388,0.9919,38.5132,0.0006,39.0
721,39.4824,12.976,0.95,39.1334,-5.3139,0.9911,37.267,0.0006,37.0
722,40.8653,13.6587,0.9484,40.4864,-5.2402,0.9919,38.4898,0.0006,38.0
723,40.0433,13.2529,0.9494,39.6818,-5.2843,0.9914,37.7632,0.0006,38.0
724,38.7797,12.6291,0.9508,38.4468,-5.3504,0.9906,36.6448,0.0006,37.0
725,39.8955,13.1799,0.9495,39.5392,-5.292,0.9913,37.6342,0.0006,38.0
726,39.2584,12.8654,0.9503,38.9101,-5.3258,0.9909,37.0648,0.0006,37.0
727,39.4798,12.9747,0.95,39.134,-5.3138,0.9911,37.2676,0.0006,37.0
728,39.42,12.9452,0.9501,39.0731,-5.3171,0.991,37.2124,0.0006,37.0
729,39.4719,12.9708,0.95,39.1248,-5.3143,0.9911,37.2592,0.0006,37.0
730,39.7843,13.125,0.9497,39.4324,-5.2978,0.9913,37.5376,0.0006,38.0
731,38.1616,12.3239,0.9516,37.842,-5.3822,0.9902,36.0958,0.0006,36.0
732,38.8638,12.6706,0.9507,38.5361,-5.3457,0.9907,36.7258,0.0006,37.0
733,38.8459,12.6617,0.9508,38.5123,-5.347,0.9907,36.7042,0.0006,37.0
734,39.0443,12.7597,0.9505,38.7082,-5.3366,0.9908,36.8818,0.0006,37.0
735,38.5189,12.5003,0.9512,38.1882,-5.3641,0.9904,36.4102,0.0006,36.0
736,39.1918,12.8325,0.9504,38.8565,-5.3287,0.9909,37.0162,0.0006,37.0
737,37.7997,12.1452,0.9521,37.4882,-5.4006,0.9899,35.7742,0.0006,36.0
738,39.2027,12.8379,0.9503,38.8624,-5.3284,0.9909,37.0216,0.0006,37.0
739,38.8106,12.6443,0.9508,38.4746,-5.349,0.9906,36.67,0.0006,37.0
740,38.4525,12.4675,0.9512,38.1248,-5.3674,0.9904,36.3526,0.0006,36.0
741,38.2947,12.3896,0.9514,37.9721,-5.3754,0.9903,36.214,0.0006,36.0
742,38.1547,12.3205,0.9516,37.8354,-5.3826,0.9902,36.0898,0.0006,36.0
743,37.7294,12.1105,0.9522,37.417,-5.4043,0.9899,35.7094,0.0006,36.0
744,38.8678,12.6725,0.9507,38.5348,-5.3458,0.9907,36.7246,0.0006,37.0
745,37.9868,12.2376,0.9518,37.6717,-5.3911,0.9901,35.941,0.0006,36.0
746,37.9868,12.2376,0.9518,37.6723,-5.391,0.9901,35.9416,0.0006,36.0
747,38.6283,12.5543,0.951,38.3053,-5.3579,0.9905,36.5164,0.0006,37.0
748,37.8638,12.1769,0.952,37.5456,-5.3976,0.99,35.8264,0.0006,36.0
749,37.6621,12.0773,0.9522,37.353,-5.4076,0.9898,35.6512,0.0006,36.0
750,36.6069,11.5563,0.9536,36.3209,-5.4602,0.9891,34.711,0.0006,35.0
751,37.3503,11.9234,0.9526,37.0556,-5.4229,0.9896,35.3806,0.0006,35.0
752,38.2278,12.3566,0.9515,37.9087,-5.3787,0.9902,36.1564,0.0006,36.0
753,37.5322,12.0132,0.9524,37.2217,-5.4143,0.9898,35.5318,0.0006,36.0
754,37.3173,11.9071,0.9527,37.0154,-5.4249,0.9896,35.344,0.0006,35.0
755,37.3129,11.9049,0.9527,37.0128,-5.4251,0.9896,35.3416,0.0006,35.0
756,37.3923,11.9441,0.9526,37.0912,-5.421,0.9897,35.413,0.0006,35.0
757,37.0572,11.7786,0.953,36.7598,-5.438,0.9894,35.1112,0.0006,35.0
758,36.6031,11.5545,0.9536,36.3143,-5.4605,0.9891,34.705,0.0006,35.0
759,37.7775,12.1343,0.9521,37.4684,-5.4016,0.9899,35.7562,0.0006,36.0
760,35.5384,11.0288,0.9551,35.2732,-5.5123,0.9882,33.754,0.0006,34.0
761,35.8112,11.1634,0.9547,35.5442,-5.499,0.9884,34.0018,0.0006,34.0
762,37.2633,11.8804,0.9527,36.9654,-5.4275,0.9896,35.2984,0.0006,35.0
763,36.6181,11.5619,0.9536,36.3274,-5.4599,0.9891,34.717,0.0006,35.0
764,35.331,10.9264,0.9554,35.0706,-5.5223,0.988,33.5685,0.0006,34.0
765,35.9896,11.2516,0.9544,35.7221,-5.4901,0.9886,34.1644,0.0006,34.0
766,36.5978,11.5518,0.9536,36.3176,-5.4604,0.9891,34.708,0.0006,35.0
767,35.9345,11.2244,0.9545,35.6578,-5.4933,0.9885,34.1056,0.0006,34.0
768,36.339,11.4241,0.954,36.0625,-5.4732,0.9888,34.4752,0.0006,34.0
769,36.0675,11.29,0.9543,35.7911,-5.4867,0.9886,34.2274,0.0006,34.0
770,35.0053,10.7656,0.9558,34.7514,-5.5378,0.9877,33.2763,0.0006,33.0
771,35.9145,11.2145,0.9545,35.644,-5.494,0.9885,34.093,0.0006,34.0
772,36.0847,11.2985,0.9543,35.8114,-5.4857,0.9886,34.246,0.0006,34.0
773,36.8397,11.6713,0.9533,36.5558,-5.4483,0.9892,34.9252,0.0006,35.0
774,35.6976,11.1074,0.9548,35.43,-5.5046,0.9883,33.8974,0.0006,34.0
775,36.4855,11.4964,0.9538,36.2091,-5.4658,0.989,34.609,0.0006,35.0
776,35.2447,10.8838,0.9555,34.986,-5.5264,0.9879,33.4911,0.0006,33.0
777,35.0449,10.7851,0.9558,34.7894,-5.536,0.9878,33.3111,0.0006,33.0
778,35.5874,11.053,0.955,35.327,-5.5097,0.9882,33.8032,0.0006,34.0
779,34.8275,10.6778,0.9561,34.572,-5.5465,0.9876,33.1119,0.0006,33.0
780,34.6064,10.5686,0.9564,34.3593,-5.5567,0.9874,32.9169,0.0006,33.0
781,35.109,10.8167,0.9557,34.8576,-5.5326,0.9878,33.3735,0.0006,33.0
782,34.637,10.5837,0.9564,34.3874,-5.5554,0.9874,32.9427,0.0006,33.0
783,35.0562,10.7907,0.9557,34.8051,-5.5352,0.9878,33.3255,0.0006,33.0
784,34.9354,10.7311,0.9559,34.6827,-5.5411,0.9877,33.2133,0.0006,33.0
785,35.6862,11.1017,0.9549,35.4254,-5.5048,0.9883,33.8932,0.0006,34.0
786,34.9283,10.7275,0.9559,34.6709,-5.5417,0.9876,33.2025,0.0006,33.0
787,35.2308,10.8769,0.9555,34.9755,-5.5269,0.9879,33.4815,0.0006,33.0
788,34.7936,10.661,0.9561,34.5412,-5.548,0.9875,33.0837,0.0006,33.0
789,35.0043,10.7651,0.9558,34.7527,-5.5377,0.9877,33.2775,0.0006,33.0
790,36.098,11.3051,0.9543,35.8239,-5.4851,0.9887,34.2574,0.0006,34.0
791,36.0775,11.295,0.9543,35.8029,-5.4861,0.9886,34.2382,0.0006,34.0
792,34.7364,10.6328,0.9562,34.4875,-5.5506,0.9875,33.0345,0.0006,33.0
793,35.9719,11.2428,0.9545,35.7005,-5.4912,0.9885,34.1446,0.0006,34.0
794,34.0874,10.3124,0.9572,33.8505,-5.5811,0.9869,32.4501,0.0006,32.0
795,35.0147,10.7702,0.9558,34.7619,-5.5373,0.9877,33.2859,0.0006,33.0
796,36.2334,11.3719,0.9541,35.9566,-5.4785,0.9888,34.3786,0.0006,34.0
797,34.6025,10.5667,0.9564,34.356,-5.5569,0.9873,32.9139,0.0006,33.0
798,34.7239,10.6266,0.9562,34.4771,-5.5511,0.9875,33.0249,0.0006,33.0
799,34.6533,10.5918,0.9563,34.4064,-5.5545,0.9874,32.9601,0.0006,33.0
800,34.2213,10.3785,0.957,33.9799,-5.5749,0.987,32.5689,0.0006,33.0
801,34.3292,10.4318,0.9568,34.0898,-5.5697,0.9871,32.6697,0.0006,33.0
802,34.0774,10.3074,0.9572,33.8401,-5.5816,0.9869,32.4405,0.0006,32.0
803,34.7908,10.6597,0.9561,34.5471,-5.5477,0.9875,33.0891,0.0006,33.0
804,33.5135,10.029,0.958,33.2876,-5.6076,0.9863,31.9329,0.0006,32.0
805,34.23,10.3828,0.9569,33.9969,-5.5741,0.987,32.5845,0.0006,33.0
806,33.6737,10.1081,0.9578,33.4417,-5.6004,0.9865,32.0745,0.0006,32.0
807,34.4799,10.5062,0.9566,34.2428,-5.5623,0.9872,32.8101,0.0006,33.0
808,34.7184,10.6239,0.9562,34.4725,-5.5513,0.9875,33.0207,0.0006,33.0
809,33.9078,10.2237,0.9574,33.6696,-5.5896,0.9867,32.2839,0.0006,32.0
810,34.7167,10.6231,0.9562,34.4751,-5.5512,0.9875,33.0231,0.0006,33.0
811,35.5436,11.0313,0.9551,35.2804,-5.512,0.9882,33.7606,0.0006,34.0
812,34.4368,10.4848,0.9566,34.1938,-5.5647,0.9872,32.7651,0.0006,33.0
813,33.1807,9.8646,0.9585,32.9609,-5.6228,0.9859,31.6323,0.0006,32.0
814,34.3926,10.463,0.9567,34.1519,-5.5667,0.9872,32.7267,0.0006,33.0
815,34.2439,10.3896,0.9569,34.0041,-5.5738,0.987,32.5911,0.0006,33.0
816,34.1422,10.3394,0.9571,33.9048,-5.5785,0.9869,32.4999,0.0006,32.0
817,33.7332,10.1374,0.9577,33.5011,-5.5976,0.9865,32.1291,0.0006,32.0
818,34.1907,10.3633,0.957,33.9564,-5.576,0.987,32.5473,0.0006,33.0
819,34.1769,10.3565,0.957,33.9394,-5.5768,0.9869,32.5317,0.0006,33.0
820,34.0406,10.2892,0.9572,33.8048,-5.5832,0.9868,32.4081,0.0006,32.0
821,35.3433,10.9324,0.9553,35.0843,-5.5216,0.988,33.5811,0.0006,34.0
822,32.5713,9.5638,0.9595,32.3615,-5.6505,0.9853,31.0803,0.0006,31.0
823,33.3766,9.9614,0.9582,33.1598,-5.6136,0.9861,31.8153,0.0006,32.0
824,34.1418,10.3392,0.9571,33.9106,-5.5782,0.9869,32.5053,0.0006,33.0
825,34.1739,10.355,0.957,33.9368,-5.577,0.9869,32.5293,0.0006,33.0
826,33.9983,10.2683,0.9573,33.763,-5.5852,0.9868,32.3697,0.0006,32.0
827,33.7955,10.1682,0.9576,33.5638,-5.5946,0.9866,32.1867,0.0006,32.0
828,34.1204,10.3286,0.9571,33.8865,-5.5794,0.9869,32.4831,0.0006,32.0
829,33.9576,10.2483,0.9574,33.7231,-5.5871,0.9867,32.3331,0.0006,32.0
830,32.8959,9.724,0.959,32.6813,-5.6358,0.9856,31.3749,0.0006,31.0
831,33.6686,10.1056,0.9578,33.4462,-5.6002,0.9864,32.0787,0.0006,32.0
832,34.7028,10.6162,0.9563,34.4561,-5.5521,0.9874,33.0057,0.0006,33.0
833,33.7992,10.1701,0.9576,33.5683,-5.5944,0.9866,32.1909,0.0006,32.0
834,33.5452,10.0446,0.958,33.3177,-5.6062,0.9863,31.9605,0.0006,32.0
835,33.6482,10.0955,0.9578,33.4214,-5.6013,0.9864,32.0559,0.0006,32.0
836,32.5988,9.5773,0.9594,32.3895,-5.6492,0.9853,31.1061,0.0006,31.0
837,34.2237,10.3797,0.957,33.9865,-5.5746,0.987,32.5749,0.0006,33.0
838,33.0193,9.785,0.9588,32.8025,-5.6302,0.9858,31.4865,0.0006,31.0
839,33.2645,9.906,0.9584,33.0456,-5.6189,0.986,31.7103,0.0006,32.0
840,33.6581,10.1004,0.9578,33.4332,-5.6008,0.9864,32.0667,0.0006,32.0
841,33.3159,9.9314,0.9583,33.0919,-5.6167,0.9861,31.7529,0.0006,32.0
842,34.6646,10.5973,0.9563,34.4188,-5.5539,0.9874,32.9715,0.0006,33.0
843,33.5413,10.0427,0.958,33.315,-5.6063,0.9863,31.9581,0.0006,32.0
844,34.7034,10.6165,0.9563,34.4568,-5.5521,0.9874,33.0063,0.0006,33.0
845,32.6962,9.6254,0.9593,32.4846,-5.6448,0.9854,31.1937,0.0006,31.0
846,33.8897,10.2147,0.9575,33.6584,-5.5902,0.9867,32.2737,0.0006,32.0
847,33.2331,9.8905,0.9585,33.0085,-5.6206,0.986,31.6761,0.0006,32.0
848,34.0343,10.2861,0.9572,33.8054,-5.5832,0.9868,32.4087,0.0006,32.0
849,34.1037,10.3204,0.9571,33.8682,-5.5802,0.9869,32.4663,0.0006,32.0
850,33.6985,10.1203,0.9577,33.4671,-5.5992,0.9865,32.0979,0.0006,32.0
851,33.8204,10.1805,0.9576,33.5905,-5.5934,0.9866,32.2113,0.0006,32.0
852,32.85,9.7014,0.9591,32.6363,-5.6378,0.9856,31.3335,0.0006,31.0
853,33.9663,10.2526,0.9573,33.7336,-5.5866,0.9867,32.3427,0.0006,32.0
854,33.5266,10.0354,0.958,33.2981,-5.6071,0.9863,31.9425,0.0006,32.0
855,33.7168,10.1293,0.9577,33.4893,-5.5981,0.9865,32.1183,0.0006,32.0
856,34.1185,10.3277,0.9571,33.8852,-5.5794,0.9869,32.4819,0.0006,32.0
857,33.6993,10.1207,0.9577,33.4678,-5.5991,0.9865,32.0985,0.0006,32.0
858,33.9327,10.236,0.9574,33.7016,-5.5881,0.9867,32.3133,0.0006,32.0
859,34.1056,10.3213,0.9571,33.8708,-5.5801,0.9869,32.4687,0.0006,32.0
860,34.1564,10.3464,0.9571,33.9198,-5.5778,0.9869,32.5137,0.0006,33.0
861,33.282,9.9147,0.9584,33.0606,-5.6182,0.986,31.7241,0.0006,32.0
862,33.0903,9.82,0.9587,32.8716,-5.627,0.9858,31.5501,0.0006,32.0
863,33.3665,9.9564,0.9582,33.1461,-5.6142,0.9861,31.8027,0.0006,32.0
864,33.5763,10.06,0.9579,33.3516,-5.6046,0.9864,31.9917,0.0006,32.0
865,34.2027,10.3693,0.957,33.9695,-5.5754,0.987,32.5593,0.0006,33.0
866,32.9245,9.7382,0.9589,32.7093,-5.6345,0.9857,31.4007,0.0006,31.0
867,33.2644,9.906,0.9584,33.0463,-5.6189,0.986,31.7109,0.0006,32.0
868,33.2201,9.8841,0.9585,33.0,-5.621,0.986,31.6683,0.0006,32.0
869,33.7172,10.1295,0.9577,33.4919,-5.598,0.9865,32.1207,0.0006,32.0
870,32.7221,9.6382,0.9593,32.5106,-5.6436,0.9855,31.2177,0.0006,31.0
871,33.6531,10.0979,0.9578,33.426,-5.6011,0.9864,32.0601,0.0006,32.0
872,33.1609,9.8549,0.9586,32.9387,-5.6239,0.9859,31.6119,0.0006,32.0
873,33.4976,10.0211,0.958,33.2752,-5.6082,0.9863,31.9215,0.0006,32.0
874,33.0985,9.8241,0.9587,32.8781,-5.6267,0.9859,31.5561,0.0006,32.0
875,33.6219,10.0825,0.9579,33.3986,-5.6024,0.9864,32.0349,0.0006,32.0
876,32.8154,9.6843,0.9591,32.5973,-5.6396,0.9856,31.2975,0.0006,31.0
877,33.635,10.089,0.9578,33.4136,-5.6017,0.9864,32.0487,0.0006,32.0
878,33.6964,10.1193,0.9577,33.4684,-5.5991,0.9865,32.0991,0.0006,32.0
879,32.8042,9.6788,0.9591,32.5914,-5.6399,0.9855,31.2921,0.0006,31.0
880,33.4297,9.9876,0.9582,33.2107,-5.6112,0.9862,31.8621,0.0006,32.0
881,33.6203,10.0817,0.9579,33.3947,-5.6026,0.9864,32.0313,0.0006,32.0
882,32.3512,9.4551,0.9598,32.1462,-5.6603,0.985,30.8817,0.0006,31.0
883,33.6063,10.0748,0.9579,33.3803,-5.6033,0.9864,32.0181,0.0006,32.0
884,33.5193,10.0319,0.958,33.2935,-5.6073,0.9863,31.9383,0.0006,32.0
885,33.1738,9.8612,0.9585,32.9524,-5.6232,0.9859,31.6245,0.0006,32.0
886,33.6528,10.0978,0.9578,33.4286,-5.601,0.9864,32.0625,0.0006,32.0
887,33.7956,10.1683,0.9576,33.5664,-5.5945,0.9866,32.1891,0.0006,32.0
888,33.007,9.7789,0.9588,32.7855,-5.631,0.9858,31.4709,0.0006,31.0
889,33.6093,10.0763,0.9579,33.3868,-5.6029,0.9864,32.0241,0.0006,32.0
890,33.3801,9.9631,0.9582,33.1559,-5.6138,0.9862,31.8117,0.0006,32.0
891,33.6589,10.1008,0.9578,33.4332,-5.6008,0.9864,32.0667,0.0006,32.0
892,33.4339,9.9897,0.9581,33.2087,-5.6113,0.9862,31.8603,0.0006,32.0
893,33.4383,9.9918,0.9581,33.2146,-5.611,0.9862,31.8657,0.0006,32.0
894,32.9939,9.7724,0.9588,32.7751,-5.6314,0.9857,31.4613,0.0006,31.0
895,33.5532,10.0486,0.958,33.3314,-5.6056,0.9863,31.9731,0.0006,32.0
896,34.358,10.4459,0.9568,34.1231,-5.5681,0.9871,32.7003,0.0006,33.0
897,32.535,9.5458,0.9596,32.3264,-5.6521,0.9852,31.0479,0.0006,31.0
898,33.8152,10.1779,0.9576,33.5853,-5.5936,0.9866,32.2065,0.0006,32.0
899,34.624,10.5773,0.9564,34.3841,-5.5556,0.9874,32.9397,0.0006,33.0
900,34.0307,10.2843,0.9572,33.7917,-5.5838,0.9868,32.3961,0.0006,32.0
901,33.838,10.1892,0.9575,33.6055,-5.5927,0.9866,32.2251,0.0006,32.0
902,33.4471,9.9962,0.9581,33.2204,-5.6107,0.9862,31.8711,0.0006,32.0
903,33.773,10.1571,0.9576,33.5455,-5.5955,0.9866,32.1699,0.0006,32.0
904,34.0945,10.3158,0.9571,33.861,-5.5806,0.9869,32.4597,0.0006,32.0
905,33.7051,10.1236,0.9577,33.4737,-5.5989,0.9865,32.1039,0.0006,32.0
906,33.5563,10.0501,0.958,33.3294,-5.6056,0.9863,31.9713,0.0006,32.0
907,33.9257,10.2325,0.9574,33.6957,-5.5884,0.9867,32.3079,0.0006,32.0
908,33.3,9.9236,0.9584,33.0743,-5.6176,0.9861,31.7367,0.0006,32.0
909,33.4122,9.979,0.9582,33.1898,-5.6122,0.9862,31.8429,0.0006,32.0
910,34.4447,10.4888,0.9566,34.2029,-5.5643,0.9872,32.7735,0.0006,33.0
911,33.3891,9.9676,0.9582,33.1656,-5.6133,0.9862,31.8207,0.0006,32.0
912,34.54,10.5358,0.9565,34.2965,-5.5598,0.9873,32.8593,0.0006,33.0
913,34.6599,10.595,0.9563,34.4142,-5.5541,0.9874,32.9673,0.0006,33.0
914,33.5035,10.024,0.958,33.2779,-5.6081,0.9863,31.9239,0.0006,32.0
915,35.0964,10.8105,0.9557,34.8425,-5.5334,0.9878,33.3597,0.0006,33.0
916,33.5702,10.057,0.9579,33.3431,-5.605,0.9863,31.9839,0.0006,32.0
917,35.7877,11.1518,0.9547,35.5206,-5.5001,0.9884,33.9802,0.0006,34.0
918,34.1938,10.3649,0.957,33.9551,-5.5761,0.987,32.5461,0.0006,33.0
919,35.8919,11.2033,0.9546,35.6223,-5.4951,0.9885,34.0732,0.0006,34.0
920,34.5323,10.532,0.9565,34.2873,-5.5602,0.9873,32.8509,0.0006,33.0
921,34.0895,10.3134,0.9572,33.8505,-5.5811,0.9869,32.4501,0.0006,32.0
922,34.6605,10.5953,0.9563,34.4182,-5.5539,0.9874,32.9709,0.0006,33.0
923,34.7323,10.6308,0.9562,34.4849,-5.5507,0.9875,33.0321,0.0006,33.0
924,34.8077,10.668,0.9561,34.5589,-5.5471,0.9875,33.0999,0.0006,33.0
925,34.9819,10.754,0.9559,34.7305,-5.5388,0.9877,33.2571,0.0006,33.0
926,34.2469,10.3911,0.9569,34.0028,-5.5738,0.987,32.5899,0.0006,33.0
927,35.3708,10.946,0.9553,35.1112,-5.5203,0.988,33.6057,0.0006,34.0
928,36.3577,11.4333,0.9539,36.0782,-5.4724,0.9889,34.4896,0.0006,34.0
929,35.3255,10.9236,0.9554,35.0653,-5.5225,0.988,33.5637,0.0006,34.0
930,35.0608,10.793,0.9557,34.8045,-5.5352,0.9878,33.3249,0.0006,33.0
931,34.7764,10.6526,0.9561,34.5255,-5.5487,0.9875,33.0693,0.0006,33.0
932,35.4526,10.9864,0.9552,35.1958,-5.5161,0.9881,33.6831,0.0006,34.0
933,34.8642,10.6959,0.956,34.6093,-5.5447,0.9876,33.1461,0.0006,33.0
934,35.6285,11.0733,0.9549,35.369,-5.5076,0.9883,33.8416,0.0006,34.0
935,36.9976,11.7492,0.9531,36.7052,-5.4407,0.9894,35.0614,0.0006,35.0
936,34.8725,10.7,0.956,34.6204,-5.5442,0.9876,33.1563,0.0006,33.0
937,35.2191,10.8711,0.9555,34.9644,-5.5274,0.9879,33.4713,0.0006,33.0
938,36.6078,11.5568,0.9536,36.3235,-5.4601,0.9891,34.7134,0.0006,35.0
939,35.809,11.1624,0.9547,35.5337,-5.4995,0.9884,33.9922,0.0006,34.0
940,36.0114,11.2623,0.9544,35.7399,-5.4893,0.9886,34.1806,0.0006,34.0
941,34.9919,10.759,0.9558,34.7383,-5.5384,0.9877,33.2643,0.0006,33.0
942,36.1711,11.3411,0.9542,35.8955,-5.4815,0.9887,34.3228,0.0006,34.0
943,35.9557,11.2348,0.9545,35.6821,-5.4921,0.9885,34.1278,0.0006,34.0
944,36.9689,11.7351,0.9531,36.6769,-5.4422,0.9893,35.0356,0.0006,35.0
945,35.4823,11.0011,0.9551,35.2188,-5.515,0.9881,33.7041,0.0006,34.0
946,36.4208,11.4644,0.9539,36.14,-5.4693,0.9889,34.546,0.0006,35.0
947,36.8385,11.6707,0.9533,36.5518,-5.4485,0.9892,34.9216,0.0006,35.0
948,36.331,11.4201,0.954,36.0473,-5.4739,0.9888,34.4614,0.0006,34.0
949,36.4261,11.467,0.9539,36.1453,-5.469,0.9889,34.5508,0.0006,35.0
950,37.8582,12.1741,0.952,37.5476,-5.3975,0.99,35.8282,0.0006,36.0
951,36.8367,11.6698,0.9533,36.5459,-5.4488,0.9892,34.9162,0.0006,35.0
952,36.9146,11.7082,0.9532,36.6236,-5.4449,0.9893,34.987,0.0006,35.0
953,36.8345,11.6687,0.9533,36.5439,-5.4489,0.9892,34.9144,0.0006,35.0
954,35.9888,11.2512,0.9544,35.7156,-5.4905,0.9886,34.1584,0.0006,34.0
955,36.9125,11.7072,0.9532,36.6216,-5.445,0.9893,34.9852,0.0006,35.0
956,37.3509,11.9236,0.9526,37.0537,-5.423,0.9896,35.3788,0.0006,35.0
957,37.3185,11.9076,0.9527,37.0181,-5.4248,0.9896,35.3464,0.0006,35.0
958,36.3973,11.4528,0.9539,36.1157,-5.4705,0.9889,34.5238,0.0006,35.0
959,36.6151,11.5604,0.9536,36.3314,-5.4597,0.9891,34.7206,0.0006,35.0
960,37.2476,11.8727,0.9528,36.9542,-5.4281,0.9895,35.2882,0.0006,35.0
961,36.0279,11.2705,0.9544,35.7536,-5.4886,0.9886,34.1932,0.0006,34.0
962,37.4148,11.9552,0.9526,37.1136,-5.4199,0.9897,35.4334,0.0006,35.0
963,38.56,12.5206,0.9511,38.2339,-5.3617,0.9905,36.4516,0.0006,36.0
964,37.6288,12.0608,0.9523,37.3213,-5.4092,0.9898,35.6224,0.0006,36.0
965,38.3653,12.4245,0.9514,38.0488,-5.3714,0.9903,36.2836,0.0006,36.0
966,37.8275,12.159,0.952,37.512,-5.3994,0.99,35.7958,0.0006,36.0
967,38.3275,12.4058,0.9514,38.0098,-5.3734,0.9903,36.2482,0.0006,36.0
968,38.7097,12.5945,0.9509,38.3826,-5.3538,0.9906,36.5866,0.0006,37.0
969,38.0318,12.2598,0.9518,37.7106,-5.389,0.9901,35.9764,0.0006,36.0
970,38.7695,12.624,0.9509,38.4441,-5.3506,0.9906,36.6424,0.0006,37.0
971,38.477,12.4796,0.9512,38.1492,-5.3661,0.9904,36.3748,0.0006,36.0
972,39.4444,12.9572,0.9501,39.0983,-5.3158,0.991,37.2352,0.0006,37.0
973,39.0268,12.751,0.9506,38.6857,-5.3378,0.9908,36.8614,0.0006,37.0
974,37.9142,12.2017,0.9519,37.6004,-5.3948,0.99,35.8762,0.0006,36.0
975,38.8808,12.679,0.9507,38.5473,-5.3451,0.9907,36.736,0.0006,37.0
976,39.3515,12.9113,0.9502,39.0108,-5.3204,0.991,37.156,0.0006,37.0
977,39.5687,13.0186,0.9499,39.2209,-5.3092,0.9911,37.3462,0.0006,37.0
978,39.8384,13.1517,0.9496,39.4848,-5.2949,0.9913,37.585,0.0006,38.0
979,40.4442,13.4508,0.9489,40.0796,-5.2626,0.9916,38.1226,0.0006,38.0
980,40.4519,13.4546,0.9489,40.0816,-5.2625,0.9916,38.1244,0.0006,38.0
981,40.4411,13.4493,0.9489,40.0709,-5.263,0.9916,38.1148,0.0006,38.0
982,39.7528,13.1095,0.9497,39.3926,-5.2999,0.9912,37.5016,0.0006,38.0
983,40.8465,13.6494,0.9484,40.4678,-5.2412,0.9919,38.473,0.0006,38.0
984,40.5878,13.5217,0.9487,40.2118,-5.2553,0.9917,38.242,0.0006,38.0
985,40.2018,13.3311,0.9492,39.8338,-5.276,0.9915,37.9006,0.0006,38.0
986,40.1774,13.3191,0.9492,39.8132,-5.2771,0.9915,37.882,0.0006,38.0
987,42.2922,14.3631,0.9469,41.879,-5.1621,0.9926,39.7438,0.0006,40.0
988,41.8417,14.1407,0.9474,41.4333,-5.1873,0.9924,39.343,0.0006,39.0
989,41.2095,13.8286,0.948,40.8151,-5.222,0.9921,38.7862,0.0006,39.0
990,41.6321,14.0373,0.9476,41.2374,-5.1984,0.9923,39.1666,0.0006,39.0
991,41.2751,13.861,0.948,40.8817,-5.2183,0.9921,38.8462,0.0006,39.0
992,42.0608,14.2489,0.9471,41.6521,-5.175,0.9925,39.5398,0.0006,40.0
993,42.0372,14.2372,0.9472,41.6281,-5.1763,0.9925,39.5182,0.0006,40.0
994,42.1135,14.2749,0.9471,41.7035,-5.1721,0.9925,39.586,0.0006,40.0
995,41.8189,14.1295,0.9474,41.4127,-5.1885,0.9924,39.3244,0.0006,39.0
996,42.0795,14.2581,0.9471,41.6721,-5.1739,0.9925,39.5578,0.0006,40.0
997,42.221,14.328,0.947,41.8089,-5.1661,0.9926,39.6808,0.0006,40.0
998,42.5947,14.5125,0.9466,42.1755,-5.1452,0.9928,40.0102,0.0005,40.0
999,43.0439,14.7342,0.9461,42.6141,-5.12,0.993,40.4038,0.0005,40.0
1000,42.187,14.3112,0.947,41.7736,-5.1681,0.9926,39.649,0.0006,40.0
1001,43.5796,14.9987,0.9456,43.1328,-5.0899,0.9932,40.8688,0.0005,41.0
1002,43.1301,14.7767,0.946,42.689,-5.1156,0.993,40.471,0.0005,40.0
1003,42.7593,14.5937,0.9464,42.3286,-5.1364,0.9929,40.1476,0.0005,40.0
1004,43.9529,15.1829,0.9452,43.4961,-5.0686,0.9934,41.194,0.0005,41.0
1005,43.2467,14.8343,0.9459,42.8001,-5.1092,0.9931,40.5706,0.0005,41.0
1006,43.1171,14.7704,0.946,42.6796,-5.1162,0.993,40.4626,0.0005,40.0
1007,44.631,15.5176,0.9445,44.1564,-5.0295,0.9937,41.7844,0.0005,42.0
1008,43.9469,15.18,0.9452,43.482,-5.0694,0.9934,41.1814,0.0005,41.0
1009,45.3264,15.8609,0.9439,44.8328,-4.989,0.994,42.388,0.0005,42.0
1010,44.8765,15.6388,0.9443,44.3889,-5.0156,0.9938,41.992,0.0005,42.0
1011,45.0761,15.7374,0.9441,44.5899,-5.0036,0.9939,42.1714,0.0005,42.0
1012,44.4339,15.4204,0.9447,43.9563,-5.0414,0.9936,41.6056,0.0005,42.0
1013,45.1867,15.792,0.944,44.6962,-4.9972,0.9939,42.2662,0.0005,42.0
1014,44.7622,15.5824,0.9444,44.278,-5.0223,0.9938,41.893,0.0005,42.0
1015,45.0687,15.7337,0.9441,44.5839,-5.004,0.9939,42.166,0.0005,42.0
1016,45.7579,16.0739,0.9435,45.2583,-4.9632,0.9942,42.7671,0.0005,43.0
1017,46.083,16.2344,0.9432,45.5703,-4.9441,0.9943,43.0449,0.0005,43.0
1018,46.7882,16.5825,0.9426,46.2527,-4.9021,0.9946,43.6515,0.0005,44.0
1019,46.9665,16.6705,0.9424,46.427,-4.8913,0.9946,43.8063,0.0005,44.0
1020,46.3506,16.3665,0.9429,45.8199,-4.9288,0.9944,43.2669,0.0005,43.0
1021,47.1743,16.7731,0.9422,46.6278,-4.8788,0.9947,43.9845,0.0004,44.0
1022,46.4951,16.4378,0.9428,45.9596,-4.9202,0.9944,43.3911,0.0005,43.0
1023,46.7005,16.5392,0.9426,46.1689,-4.9073,0.9945,43.5771,0.0005,44.0
1024,47.559,16.963,0.9419,47.0012,-4.8554,0.9948,44.3157,0.0004,44.0
1025,48.1278,17.2437,0.9414,47.5587,-4.8201,0.995,44.8095,0.0004,45.0
1026,45.8986,16.1434,0.9434,45.385,-4.9555,0.9942,42.8799,0.0005,43.0
1027,47.5371,16.9522,0.9419,46.9809,-4.8566,0.9948,44.2977,0.0004,44.0
1028,47.5557,16.9613,0.9419,46.9972,-4.8556,0.9948,44.3121,0.0004,44.0
1029,47.2534,16.8121,0.9421,46.7001,-4.8742,0.9947,44.0487,0.0004,44.0
1030,48.2138,17.2862,0.9413,47.6367,-4.8152,0.995,44.8784,0.0004,45.0
1031,48.5308,17.4426,0.9411,47.9467,-4.7954,0.9952,45.1526,0.0004,45.0
1032,47.8017,17.0828,0.9417,47.2348,-4.8406,0.9949,44.5227,0.0004,45.0
1033,48.5092,17.432,0.9411,47.9229,-4.7969,0.9951,45.1316,0.0004,45.0
1034,47.9665,17.1641,0.9415,47.3893,-4.8309,0.995,44.6595,0.0004,45.0
1035,48.738,17.5449,0.9409,48.1449,-4.7827,0.9952,45.3278,0.0004,45.0
1036,48.0735,17.2169,0.9414,47.4916,-4.8244,0.995,44.7501,0.0004,45.0
1037,50.1417,18.2378,0.9398,49.5068,-4.6941,0.9956,46.5289,0.0004,47.0
1038,49.327,17.8356,0.9404,48.7137,-4.7459,0.9954,45.83,0.0004,46.0
1039,48.7698,17.5606,0.9409,48.168,-4.7812,0.9952,45.3482,0.0004,45.0
1040,50.3824,18.3566,0.9396,49.7393,-4.6788,0.9957,46.7335,0.0003,47.0
1041,50.6671,18.4971,0.9394,50.0163,-4.6604,0.9958,46.9771,0.0003,47.0
1042,49.9156,18.1262,0.9399,49.284,-4.7087,0.9956,46.3327,0.0004,46.0
1043,50.5561,18.4423,0.9394,49.9132,-4.6673,0.9958,46.8865,0.0003,47.0
1044,50.6917,18.5092,0.9393,50.0381,-4.659,0.9958,46.9963,0.0003,47.0
1045,50.2524,18.2924,0.9397,49.6057,-4.6876,0.9957,46.6159,0.0003,47.0
1046,50.5653,18.4468,0.9394,49.918,-4.6669,0.9958,46.8907,0.0003,47.0
1047,50.9759,18.6495,0.9391,50.3167,-4.6404,0.9959,47.2411,0.0003,47.0
1048,50.8558,18.5902,0.9392,50.1938,-4.6486,0.9958,47.1331,0.0003,47.0
1049,50.6538,18.4905,0.9394,49.9972,-4.6617,0.9958,46.9603,0.0003,47.0
1050,50.7166,18.5215,0.9393,50.0613,-4.6574,0.9958,47.0167,0.0003,47.0
1051,50.3639,18.3475,0.9396,49.7148,-4.6804,0.9957,46.7119,0.0003,47.0
1052,51.6253,18.97,0.9386,50.9515,-4.598,0.9961,47.7936,0.0022,48.0
1053,51.8702,19.0909,0.9385,51.1893,-4.5819,0.9961,48.0022,0.0022,48.0
1054,51.8505,19.0812,0.9385,51.1668,-4.5834,0.9961,47.9824,0.0022,48.0
1055,51.5478,18.9318,0.9387,50.8709,-4.6034,0.996,47.7228,0.0023,48.0
1056,52.067,19.188,0.9383,51.3828,-4.5687,0.9962,48.1718,0.0021,48.0
1057,52.64,19.4708,0.9379,51.9365,-4.5308,0.9963,48.6568,0.0019,49.0
1058,53.1258,19.7106,0.9376,52.4039,-4.4986,0.9964,49.0656,0.0017,49.0
1059,53.2595,19.7766,0.9375,52.528,-4.49,0.9965,49.1741,0.0016,49.0
1060,52.9394,19.6186,0.9377,52.2133,-4.5118,0.9964,48.899,0.0017,49.0
1061,53.0409,19.6687,0.9376,52.3168,-4.5046,0.9964,48.9895,0.0017,49.0
1062,53.5371,19.9136,0.9373,52.8005,-4.471,0.9965,49.4121,0.0015,49.0
1063,54.3539,20.3167,0.9367,53.5818,-4.4162,0.9967,50.0936,0.0012,50.0
1064,54.6688,20.4721,0.9365,53.888,-4.3945,0.9968,50.3603,0.001,50.0
1065,54.3429,20.3113,0.9367,53.5653,-4.4173,0.9967,50.0792,0.0012,50.0
1066,54.341,20.3103,0.9367,53.568,-4.4171,0.9967,50.0816,0.0012,50.0
1067,54.1741,20.228,0.9368,53.405,-4.4286,0.9967,49.9395,0.0012,50.0
1068,53.8636,20.0747,0.937,53.104,-4.4498,0.9966,49.677,0.0014,50.0
1069,53.2621,19.7779,0.9375,52.5205,-4.4905,0.9965,49.1675,0.0016,49.0
1070,53.3457,19.8191,0.9374,52.6104,-4.4843,0.9965,49.246,0.0016,49.0
1071,54.7596,20.5169,0.9364,53.9734,-4.3884,0.9968,50.4346,0.001,50.0
1072,55.9409,21.0999,0.9357,55.1092,-4.3069,0.997,51.4217,0.0005,51.0
1073,55.7973,21.029,0.9357,54.967,-4.3172,0.997,51.2982,0.0005,51.0
1074,56.1908,21.2233,0.9355,55.3531,-4.2892,0.9971,51.6332,0.0004,52.0
1075,56.5603,21.4056,0.9353,55.7137,-4.2629,0.9972,51.9432,0.0013,52.0
1076,55.8331,21.0467,0.9357,55.0022,-4.3147,0.997,51.3288,0.0005,51.0
1077,56.0023,21.1302,0.9356,55.1686,-4.3026,0.9971,51.4732,0.0004,51.0
1078,55.327,20.797,0.9361,54.5157,-4.3497,0.9969,50.9063,0.0008,51.0
1079,55.1606,20.7148,0.9362,54.3544,-4.3612,0.9969,50.766,0.0008,51.0
1080,55.0191,20.645,0.9363,54.2186,-4.3709,0.9969,50.648,0.0009,51.0
1081,55.3813,20.8238,0.936,54.5743,-4.3455,0.9969,50.9572,0.0007,51.0
1082,56.1386,21.1975,0.9355,55.2985,-4.2932,0.9971,51.5859,0.0004,52.0
1083,57.4486,21.844,0.9347,56.5495,-4.2014,0.9973,52.6723,-0.0018,53.0
1084,55.5867,20.9251,0.9359,54.7633,-4.3319,0.997,51.1214,0.0006,51.0
1085,56.2955,21.2749,0.9354,55.4593,-4.2815,0.9971,51.7208,0.0022,52.0
1086,56.6591,21.4544,0.9352,55.807,-4.2561,0.9972,52.0246,0.001,52.0
1087,57.7656,22.0004,0.9345,56.8614,-4.1782,0.9974,52.9383,-0.0004,53.0
1088,56.128,21.1922,0.9355,55.284,-4.2942,0.9971,51.5733,0.0004,52.0
1089,56.6303,21.4401,0.9352,55.7818,-4.2579,0.9972,52.0026,0.0011,52.0
1090,56.9978,21.6215,0.935,56.127,-4.2326,0.9973,52.3039,-0.0002,52.0
1091,56.9879,21.6166,0.935,56.112,-4.2337,0.9973,52.2908,-0.0002,52.0
1092,57.3828,21.8115,0.9348,56.4909,-4.2058,0.9973,52.6212,-0.0016,53.0
1093,57.687,21.9616,0.9346,56.7885,-4.1837,0.9974,52.8754,-0.0004,53.0
1094,57.1364,21.6899,0.9349,56.2442,-4.224,0.9973,52.4061,-0.0006,52.0
1095,57.0575,21.6509,0.935,56.1767,-4.2289,0.9973,52.3473,-0.0004,52.0
1096,56.592,21.4212,0.9352,55.7314,-4.2616,0.9972,51.9586,0.0012,52.0
1097,57.2556,21.7487,0.9348,56.3661,-4.215,0.9973,52.5125,-0.0011,53.0
1098,56.4545,21.3534,0.9353,55.6069,-4.2707,0.9972,51.8498,0.0017,52.0
1099,56.819,21.5333,0.9351,55.9581,-4.245,0.9972,52.1565,0.0004,52.0
1100,58.2651,22.2469,0.9342,57.3412,-4.1424,0.9975,53.3523,-0.0007,53.0
1101,57.2041,21.7233,0.9349,56.3143,-4.2188,0.9973,52.4673,-0.0009,52.0
1102,56.4803,21.3661,0.9353,55.6314,-4.2689,0.9972,51.8712,0.0016,52.0
1103,56.9081,21.5773,0.935,56.0432,-4.2388,0.9972,52.2308,0.0001,52.0
1104,57.3218,21.7814,0.9348,56.4336,-4.21,0.9973,52.5713,-0.0014,53.0
1105,58.1136,22.1722,0.9343,57.1946,-4.1534,0.9975,53.2259,-0.0006,53.0
1106,57.6786,21.9575,0.9346,56.7691,-4.1851,0.9974,52.8586,-0.0004,53.0
1107,57.7208,21.9783,0.9345,56.817,-4.1815,0.9974,52.8999,-0.0004,53.0
1108,56.7394,21.494,0.9351,55.8757,-4.2511,0.9972,52.0846,0.0007,52.0
1109,57.3334,21.7871,0.9348,56.4472,-4.209,0.9973,52.5832,-0.0014,53.0
1110,57.3554,21.798,0.9348,56.4595,-4.2081,0.9973,52.5939,-0.0015,53.0
1111,56.9117,21.579,0.935,56.0337,-4.2395,0.9972,52.2225,0.0001,52.0
1112,57.2501,21.746,0.9348,56.3648,-4.2151,0.9973,52.5113,-0.0011,53.0
1113,57.4373,21.8384,0.9347,56.5392,-4.2022,0.9973,52.6634,-0.0018,53.0
1114,58.7803,22.5011,0.9339,57.8348,-4.1052,0.9976,53.7776,-0.0009,54.0
1115,58.1715,22.2007,0.9343,57.2474,-4.1494,0.9975,53.2714,-0.0006,53.0
1116,56.7834,21.5157,0.9351,55.9166,-4.2481,0.9972,52.1203,0.0006,52.0
1117,58.4922,22.359,0.9341,57.5594,-4.126,0.9975,53.5404,-0.0008,54.0
1118,58.3872,22.3072,0.9341,57.4538,-4.1339,0.9975,53.4493,-0.0007,53.0
1119,57.6687,21.9526,0.9346,56.7649,-4.1854,0.9974,52.855,-0.0004,53.0
1120,57.7748,22.0049,0.9345,56.8697,-4.1776,0.9974,52.9455,-0.0004,53.0
1121,59.0702,22.6442,0.9337,58.1125,-4.0842,0.9976,54.0167,-0.0011,54.0
1122,58.2646,22.2467,0.9342,57.3363,-4.1428,0.9975,53.3481,-0.0007,53.0
1123,57.9245,22.0788,0.9344,57.0064,-4.1674,0.9974,53.0635,-0.0005,53.0
1124,58.4751,22.3505,0.9341,57.5483,-4.1268,0.9975,53.5308,-0.0008,54.0
1125,58.1331,22.1818,0.9343,57.2064,-4.1525,0.9975,53.236,-0.0006,53.0
1126,58.6383,22.4311,0.934,57.704,-4.1151,0.9975,53.665,-0.0009,54.0
1127,58.67,22.4467,0.934,57.727,-4.1134,0.9976,53.6848,-0.0009,54.0
1128,59.0949,22.6564,0.9337,58.1403,-4.0821,0.9976,54.0406,-0.0011,54.0
1129,58.5646,22.3947,0.934,57.6171,-4.1217,0.9975,53.5901,-0.0008,54.0
1130,58.8038,22.5128,0.9339,57.8585,-4.1034,0.9976,53.798,-0.0009,54.0
1131,58.8627,22.5418,0.9339,57.912,-4.0994,0.9976,53.8441,-0.001,54.0
1132,58.9465,22.5832,0.9338,57.9928,-4.0933,0.9976,53.9136,-0.001,54.0
1133,58.9558,22.5877,0.9338,58.0004,-4.0927,0.9976,53.9202,-0.001,54.0
1134,58.9495,22.5846,0.9338,57.9942,-4.0932,0.9976,53.9148,-0.001,54.0
1135,60.0534,23.1294,0.9332,59.2072,-12.9804,0.9774,54.8349,-8.9943,56.0
1136,59.2694,22.7425,0.9336,58.2991,-4.07,0.9977,54.1772,-0.0012,54.0
1137,58.6831,22.4532,0.934,57.7298,-4.1132,0.9976,53.6872,-0.0009,54.0
1138,58.7379,22.4802,0.9339,57.7924,-4.1084,0.9976,53.7411,-0.0009,54.0
1139,58.4818,22.3538,0.9341,57.542,-4.1273,0.9975,53.5254,-0.0008,54.0
1140,58.7925,22.5072,0.9339,57.8487,-4.1042,0.9976,53.7896,-0.0009,54.0
1141,60.4791,23.3395,0.9329,59.6304,-13.6091,0.9756,55.1839,-9.6608,56.0
1142,58.9809,22.6001,0.9338,58.0213,-4.0911,0.9976,53.9382,-0.001,54.0
1143,59.8964,23.0519,0.9333,59.0484,-12.6617,0.9784,54.7058,-8.6611,55.0
1144,59.3268,22.7708,0.9336,58.3465,-4.0664,0.9977,54.218,-0.0012,54.0
1145,59.0363,22.6275,0.9338,58.0728,-4.0872,0.9976,53.9825,-0.0011,54.0
1146,60.0027,23.1044,0.9332,59.1593,-12.9842,0.9774,54.7934,-8.9942,56.0
1147,60.1145,23.1595,0.9331,59.264,-12.976,0.9775,54.8842,-8.9944,56.0
1148,60.7242,23.4604,0.9328,59.8816,-14.2506,0.9736,55.3827,-10.3269,56.0
1149,59.8398,23.024,0.9333,58.9916,-12.6661,0.9783,54.6565,-8.661,55.0
1150,60.0924,23.1486,0.9332,59.2455,-12.9775,0.9775,54.8681,-8.9944,56.0
1151,60.9299,23.5619,0.9327,60.0871,-14.5649,0.9726,55.5508,-10.6601,57.0
1152,60.5307,23.3649,0.9329,59.6806,-13.9359,0.9745,55.218,-9.9937,56.0
1153,60.5096,23.3545,0.9329,59.6669,-13.9369,0.9745,55.2062,-9.9937,56.0
1154,61.2136,23.7019,0.9325,60.3777,-15.2023,0.9705,55.782,-11.3262,57.0
1155,60.6958,23.4464,0.9328,59.8453,-14.2535,0.9735,55.3512,-10.3268,56.0
1156,60.7214,23.459,0.9328,59.8782,-14.2509,0.9735,55.3797,-10.3269,56.0
1157,61.2145,23.7024,0.9325,60.3853,-15.2017,0.9705,55.7886,-11.3262,57.0
1158,60.826,23.5106,0.9327,59.9693,-14.2437,0.9737,55.4586,-10.3271,56.0
1159,60.9703,23.5818,0.9327,60.1255,-14.5618,0.9726,55.584,-10.6602,57.0
1160,61.0756,23.6338,0.9326,60.2361,-14.8834,0.9716,55.6697,-10.9931,57.0
1161,62.4997,24.3365,0.9318,61.6914,-17.4069,0.9633,56.8321,-13.6671,58.0
1162,61.9426,24.0616,0.9321,61.1023,-16.4639,0.9664,56.3651,-12.6584,58.0
1163,62.1644,24.1711,0.932,61.3367,-16.7746,0.9655,56.5561,-12.9915,58.0
1164,62.0889,24.1338,0.9321,61.2612,-16.7807,0.9654,56.4909,-12.9914,58.0
1165,61.962,24.0712,0.9321,61.1277,-16.4619,0.9665,56.387,-12.6584,58.0
1166,61.8184,24.0003,0.9322,60.9794,-16.1441,0.9675,56.27,-12.3255,58.0
1167,63.2388,24.7012,0.9315,62.4511,-18.6622,0.9591,57.4331,-15.0006,59.0
1168,63.2444,24.704,0.9315,62.4532,-18.6621,0.9591,57.4349,-15.0007,59.0
1169,62.7927,24.4811,0.9317,61.9867,-18.0416,0.9611,57.0611,-14.3338,59.0
1170,62.8178,24.4935,0.9317,62.019,-18.039,0.9612,57.0886,-14.3338,59.0
1171,63.0846,24.6252,0.9315,62.3058,-18.6738,0.9589,57.3092,-15.0006,59.0
1172,62.8173,24.4932,0.9317,62.0134,-18.0395,0.9612,57.0838,-14.3338,59.0
1173,62.7076,24.4391,0.9317,61.8978,-17.7197,0.9623,56.9969,-14.0005,59.0
1174,63.2499,24.7067,0.9315,62.4827,-18.9883,0.9578,57.4476,-15.334,59.0
1175,64.0342,25.0937,0.9311,63.2825,-20.2374,0.9535,58.0766,-16.6676,60.0
1176,63.5251,24.8425,0.9313,62.7408,-19.2962,0.9568,57.6549,-15.6674,60.0
1177,62.5885,24.3804,0.9318,61.7842,-17.7287,0.9621,56.8999,-14.0004,59.0
1178,65.3273,25.7318,0.9304,64.6528,-22.7468,0.9444,59.1247,-19.3348,62.0
1179,64.454,25.3008,0.9309,63.7267,-21.1852,0.95,58.4127,-17.6677,61.0
1180,63.1011,24.6333,0.9315,62.3135,-18.6732,0.9589,57.3158,-15.0006,59.0
1181,63.3579,24.76,0.9314,62.5803,-18.9805,0.9579,57.5308,-15.334,60.0
1182,63.7839,24.9702,0.9312,63.0345,-19.9293,0.9545,57.8789,-16.3342,60.0
1183,64.3517,25.2504,0.9309,63.6163,-20.8664,0.9512,58.333,-17.3344,61.0
1184,64.3517,25.2503,0.9309,63.6149,-20.8665,0.9512,58.3318,-17.3344,61.0
1185,64.8028,25.4729,0.9307,64.1027,-21.8098,0.9478,58.7031,-18.3346,61.0
1186,63.5991,24.879,0.9313,62.8327,-19.6172,0.9556,57.7202,-16.0008,60.0
1187,64.5612,25.3537,0.9308,63.833,-21.1766,0.9502,58.5031,-17.6678,61.0
1188,64.9321,25.5367,0.9306,64.2239,-21.7999,0.948,58.8061,-18.3346,62.0
1189,65.1366,25.6376,0.9305,64.4505,-22.4362,0.9455,58.9684,-19.0014,62.0
1190,65.6607,25.8962,0.9303,65.0091,-23.3715,0.9421,59.3953,-20.0016,63.0
1191,65.0183,25.5792,0.9306,64.3149,-22.1199,0.9467,58.8684,-18.668,62.0
1192,66.4123,26.2671,0.9299,65.793,-24.6132,0.9377,59.9933,-21.3353,64.0
1193,65.7341,25.9324,0.9302,65.067,-23.3667,0.9422,59.4444,-20.0016,63.0
1194,66.4143,26.268,0.9299,65.793,-24.6132,0.9377,59.9933,-21.3353,64.0
1195,65.6984,25.9148,0.9302,65.0331,-23.3695,0.9422,59.4157,-20.0016,63.0
1196,66.4142,26.268,0.9299,65.793,-24.6132,0.9377,59.9933,-21.3353,64.0
1197,65.7081,25.9196,0.9302,65.0423,-23.3687,0.9422,59.4234,-20.0016,63.0
1198,66.1556,26.1404,0.93,65.5348,-24.3082,0.9386,59.7916,-21.0018,63.0
1199,66.0394,26.0831,0.9301,65.3943,-23.9932,0.9399,59.6893,-20.6684,63.0
1200,65.0504,25.5951,0.9306,64.3445,-22.1175,0.9468,58.8935,-18.668,62.0
1201,66.4124,26.2671,0.9299,65.793,-24.6132,0.9377,59.9933,-21.3353,64.0
1202,66.4161,26.2689,0.9299,65.793,-24.6132,0.9377,59.9933,-21.3353,64.0
1203,64.858,25.5002,0.9307,64.1429,-21.8065,0.9479,58.7372,-18.3346,62.0
1204,66.4074,26.2646,0.9299,65.7888,-24.6136,0.9377,59.9897,-21.3353,64.0
1205,66.416,26.2689,0.9299,65.793,-24.6132,0.9377,59.9933,-21.3353,64.0
1206,65.4816,25.8078,0.9303,64.8082,-23.0611,0.9432,59.2408,-19.6682,62.0
1207,65.1385,25.6385,0.9305,64.4421,-22.4368,0.9455,58.9612,-19.0014,62.0
1208,64.4358,25.2918,0.9309,63.6931,-20.8601,0.9514,58.3982,-17.3344,61.0
1209,64.7884,25.4658,0.9307,64.0872,-21.8111,0.9477,58.6899,-18.3346,61.0
1210,65.1215,25.6302,0.9305,64.4386,-22.4371,0.9455,58.9582,-19.0014,62.0
1211,64.6493,25.3972,0.9308,63.9226,-21.4969,0.9489,58.5648,-18.0012,61.0
1212,63.772,24.9643,0.9312,63.0134,-19.9309,0.9545,57.861,-16.3342,60.0
1213,62.9265,24.5471,0.9316,62.1342,-18.3588,0.96,57.175,-14.6672,59.0
1214,63.9115,25.0332,0.9311,63.1505,-19.9199,0.9547,57.9777,-16.3342,60.0
1215,62.7364,24.4533,0.9317,61.9244,-17.7176,0.9624,57.0197,-14.0005,59.0
1216,63.6713,24.9146,0.9312,62.9065,-19.6113,0.9557,57.7831,-16.0008,60.0
1217,64.9537,25.5474,0.9306,64.2585,-22.1245,0.9466,58.8205,-18.668,62.0
1218,62.1046,24.1416,0.9321,61.2708,-16.7799,0.9654,56.4992,-12.9914,58.0
1219,62.5212,24.3471,0.9318,61.7159,-17.405,0.9634,56.8531,-13.6671,58.0
1220,63.9415,25.048,0.9311,63.196,-20.2444,0.9534,58.0029,-16.6676,60.0
1221,63.5046,24.8323,0.9313,62.7225,-19.2977,0.9568,57.6393,-15.6674,60.0
1222,61.4918,23.8392,0.9324,60.6452,-15.5111,0.9696,56.0028,-11.6594,57.0
1223,62.6806,24.4258,0.9318,61.8767,-17.7213,0.9623,56.979,-14.0005,59.0
1224,62.6249,24.3983,0.9318,61.8199,-17.7258,0.9622,56.9305,-14.0004,59.0
1225,62.1607,24.1692,0.932,61.3216,-16.7758,0.9655,56.543,-12.9915,58.0
1226,62.2759,24.2261,0.932,61.4637,-17.0957,0.9643,56.6488,-13.3337,58.0
1227,61.9552,24.0678,0.9321,61.1181,-16.4627,0.9665,56.3787,-12.6584,58.0
1228,62.6119,24.3919,0.9318,61.8101,-17.7266,0.9622,56.9221,-14.0004,59.0
1229,61.9407,24.0607,0.9321,61.1085,-16.4634,0.9664,56.3704,-12.6584,58.0
1230,61.5757,23.8806,0.9323,60.7353,-15.8338,0.9685,56.0701,-11.9923,57.0
1231,61.2416,23.7157,0.9325,60.3969,-15.2008,0.9705,55.7986,-11.3262,57.0
1232,60.8279,23.5116,0.9327,59.9707,-14.2436,0.9737,55.4598,-10.3271,56.0
1233,61.1516,23.6713,0.9326,60.3108,-14.8775,0.9717,55.7343,-10.9933,57.0
1234,60.3678,23.2845,0.933,59.5209,-13.6177,0.9755,55.089,-9.6606,56.0
1235,60.1953,23.1994,0.9331,59.3464,-13.3005,0.9764,54.9468,-9.3274,56.0
1236,60.5031,23.3513,0.9329,59.6662,-13.937,0.9745,55.2056,-9.9937,56.0
1237,60.3633,23.2823,0.933,59.5161,-13.6181,0.9755,55.0848,-9.6606,56.0
1238,60.4428,23.3215,0.933,59.5941,-13.612,0.9756,55.1525,-9.6607,56.0
1239,60.348,23.2747,0.933,59.5024,-13.6191,0.9755,55.073,-9.6605,56.0
1240,60.7852,23.4905,0.9328,59.9447,-14.2457,0.9736,55.4372,-10.327,56.0
1241,58.6163,22.4202,0.934,57.6707,-4.1176,0.9975,53.6363,-0.0008,54.0
1242,59.4275,22.8206,0.9335,58.4538,-4.0582,0.9977,54.3102,-0.0013,54.0
1243,59.6748,22.9426,0.9334,58.8186,-12.3478,0.9793,54.52,-8.333,55.0
1244,57.8373,22.0358,0.9345,56.9245,-4.1735,0.9974,52.9928,-0.0004,53.0
1245,57.8052,22.02,0.9345,56.8968,-4.1756,0.9974,52.9688,-0.0004,53.0
1246,57.9101,22.0717,0.9344,56.9995,-4.168,0.9974,53.0575,-0.0005,53.0
1247,59.4398,22.8266,0.9335,58.467,-4.0572,0.9977,54.3216,-0.0013,54.0
1248,56.5291,21.3902,0.9353,55.6736,-4.2659,0.9972,51.9081,0.0015,52.0
1249,58.4685,22.3473,0.9341,57.5372,-4.1277,0.9975,53.5212,-0.0008,54.0
1250,57.3753,21.8078,0.9348,56.4759,-4.2069,0.9973,52.6082,-0.0015,53.0
1251,58.0335,22.1326,0.9344,57.1175,-4.1591,0.9974,53.1594,-0.0005,53.0
1252,59.0881,22.6531,0.9337,58.1292,-4.0829,0.9976,54.0311,-0.0011,54.0
1253,56.4206,21.3367,0.9354,55.5715,-4.2733,0.9971,51.8189,0.0018,52.0
1254,57.3547,21.7976,0.9348,56.4602,-4.208,0.9973,52.5945,-0.0015,53.0
1255,56.6272,21.4386,0.9352,55.7702,-4.2588,0.9972,51.9925,0.0011,52.0
1256,56.5337,21.3925,0.9353,55.6818,-4.2653,0.9972,51.9152,0.0014,52.0
1257,55.5729,20.9183,0.9359,54.7516,-4.3327,0.997,51.1112,0.0006,51.0
1258,56.2488,21.2519,0.9355,55.4151,-4.2847,0.9971,51.6822,0.0024,52.0
1259,56.2076,21.2315,0.9355,55.3628,-4.2885,0.9971,51.6416,0.0003,52.0
1260,56.4471,21.3498,0.9353,55.6049,-4.2709,0.9971,51.8481,0.0017,52.0
1261,56.059,21.1582,0.9356,55.2149,-4.2992,0.9971,51.5133,0.0004,52.0
1262,56.4754,21.3637,0.9353,55.6341,-4.2687,0.9972,51.8736,0.0016,52.0
1263,55.7469,21.0042,0.9358,54.9193,-4.3206,0.997,51.2569,0.0006,51.0
1264,55.0797,20.6749,0.9362,54.2779,-4.3667,0.9969,50.6995,0.0009,51.0
1265,55.015,20.643,0.9363,54.2158,-4.3711,0.9969,50.6456,0.0009,51.0
1266,55.3728,20.8195,0.936,54.566,-4.3461,0.9969,50.95,0.0007,51.0
1267,55.0885,20.6792,0.9362,54.2834,-4.3663,0.9969,50.7043,0.0009,51.0
1268,55.054,20.6622,0.9362,54.2537,-4.3684,0.9969,50.6785,0.0009,51.0
1269,55.6941,20.9781,0.9358,54.871,-4.3241,0.997,51.2149,0.0006,51.0
1270,54.3754,20.3273,0.9367,53.599,-4.415,0.9967,50.1086,0.0012,50.0
1271,54.4408,20.3596,0.9366,53.665,-4.4103,0.9967,50.1661,0.0011,50.0
1272,54.2572,20.269,0.9368,53.4848,-4.423,0.9967,50.0091,0.0012,50.0
1273,54.7865,20.5302,0.9364,54.0044,-4.3862,0.9968,50.4616,0.001,50.0
1274,54.1777,20.2297,0.9368,53.4023,-4.4288,0.9967,49.9371,0.0013,50.0
1275,53.7688,20.0279,0.9371,53.0113,-4.4563,0.9966,49.5961,0.0014,50.0
1276,54.0224,20.1531,0.9369,53.2648,-4.4385,0.9966,49.8173,0.0013,50.0
1277,54.2477,20.2643,0.9368,53.4814,-4.4233,0.9967,50.0061,0.0012,50.0
1278,53.9596,20.1221,0.937,53.1968,-4.4433,0.9966,49.7579,0.0013,50.0
1279,52.7025,19.5017,0.9379,51.9872,-4.5274,0.9963,48.7012,0.0018,49.0
1280,53.3657,19.829,0.9374,52.6296,-4.4829,0.9965,49.2628,0.0016,49.0
1281,52.9451,19.6214,0.9377,52.2174,-4.5115,0.9964,48.9026,0.0017,49.0
1282,52.2212,19.2641,0.9382,51.5237,-4.5591,0.9962,48.2953,0.002,48.0
1283,52.7703,19.5351,0.9378,52.0619,-4.5222,0.9963,48.7665,0.0018,49.0
1284,52.9951,19.6461,0.9376,52.2743,-4.5076,0.9964,48.9523,0.0017,49.0
1285,52.5133,19.4083,0.938,51.8002,-4.5402,0.9963,48.5375,0.0019,49.0
1286,53.4336,19.8625,0.9373,52.6954,-4.4783,0.9965,49.3204,0.0016,49.0
1287,52.1625,19.2352,0.9382,51.4663,-4.563,0.9962,48.245,0.002,48.0
1288,50.9281,18.6259,0.9392,50.2634,-4.644,0.9959,47.1943,0.0003,47.0
1289,51.3319,18.8252,0.9389,50.6716,-4.6169,0.996,47.5478,0.0023,48.0
1290,51.6261,18.9704,0.9386,50.9543,-4.5978,0.9961,47.796,0.0022,48.0
1291,52.2274,19.2672,0.9382,51.5388,-4.5581,0.9962,48.3085,0.002,48.0
1292,52.0803,19.1946,0.9383,51.3869,-4.5684,0.9962,48.1754,0.0021,48.0
1293,52.5485,19.4257,0.938,51.8468,-4.537,0.9963,48.5783,0.0019,49.0
1294,50.8941,18.6091,0.9392,50.23,-4.6462,0.9959,47.1649,0.0003,47.0
1295,50.4483,18.3891,0.9395,49.7952,-4.6751,0.9957,46.7827,0.0003,47.0
1296,50.9054,18.6147,0.9392,50.2491,-4.6449,0.9959,47.1817,0.0003,47.0
1297,50.6565,18.4918,0.9394,49.9992,-4.6615,0.9958,46.9621,0.0003,47.0
1298,50.6943,18.5105,0.9393,50.0395,-4.6589,0.9958,46.9975,0.0003,47.0
1299,50.5591,18.4438,0.9394,49.9064,-4.6677,0.9958,46.8805,0.0003,47.0
1300,49.7084,18.0239,0.9401,49.0831,-4.7219,0.9955,46.1558,0.0004,46.0
1301,50.3566,18.3439,0.9396,49.7202,-4.68,0.9957,46.7167,0.0003,47.0
1302,50.6606,18.4939,0.9394,50.0101,-4.6608,0.9958,46.9717,0.0003,47.0
1303,49.9627,18.1494,0.9399,49.3297,-4.7057,0.9956,46.3729,0.0004,46.0
1304,49.2532,17.7992,0.9405,48.6423,-4.7506,0.9954,45.767,0.0004,46.0
1305,50.0267,18.181,0.9399,49.3937,-4.7015,0.9956,46.4293,0.0004,46.0
1306,49.5634,17.9523,0.9402,48.9382,-4.7313,0.9955,46.028,0.0004,46.0
1307,49.3447,17.8444,0.9404,48.7293,-4.7449,0.9954,45.8438,0.0004,46.0
1308,49.6187,17.9796,0.9402,49.0008,-4.7273,0.9955,46.0832,0.0004,46.0
1309,49.2456,17.7955,0.9405,48.6314,-4.7513,0.9954,45.7574,0.0004,46.0
1310,48.6643,17.5085,0.941,48.0655,-4.7878,0.9952,45.2576,0.0004,45.0
1311,48.9832,17.6659,0.9407,48.3854,-4.7672,0.9953,45.5402,0.0004,46.0
1312,48.7863,17.5688,0.9409,48.1884,-4.7799,0.9952,45.3662,0.0004,45.0
1313,48.8054,17.5782,0.9408,48.2094,-4.7785,0.9952,45.3848,0.0004,45.0
1314,47.3521,16.8608,0.9421,46.7975,-4.8681,0.9948,44.1351,0.0004,44.0
1315,49.3939,17.8687,0.9404,48.7824,-4.7415,0.9954,45.8906,0.0004,46.0
1316,47.4043,16.8866,0.942,46.8476,-4.865,0.9948,44.1795,0.0004,44.0
1317,48.2433,17.3007,0.9413,47.6652,-4.8133,0.9951,44.9036,0.0004,45.0
1318,48.5823,17.4681,0.941,47.9969,-4.7922,0.9952,45.197,0.0004,45.0
1319,47.6701,17.0178,0.9418,47.1068,-4.8487,0.9949,44.4093,0.0004,44.0
1320,46.1517,16.2683,0.9431,45.6317,-4.9404,0.9943,43.0995,0.0005,43.0
1321,47.5959,16.9812,0.9419,47.0378,-4.8531,0.9948,44.3481,0.0004,44.0
1322,47.5309,16.9491,0.9419,46.9721,-4.8572,0.9948,44.2899,0.0004,44.0
1323,48.0377,17.1993,0.9415,47.4706,-4.8257,0.995,44.7315,0.0004,45.0
1324,46.9942,16.6842,0.9424,46.4506,-4.8898,0.9946,43.8273,0.0005,44.0
1325,47.1726,16.7722,0.9422,46.6271,-4.8788,0.9947,43.9839,0.0005,44.0
1326,46.2273,16.3057,0.9431,45.7059,-4.9358,0.9943,43.1655,0.0005,43.0
1327,46.0471,16.2167,0.9432,45.5299,-4.9466,0.9943,43.0089,0.0005,43.0
1328,46.1171,16.2513,0.9432,45.6007,-4.9423,0.9943,43.0719,0.0005,43.0
1329,45.7839,16.0868,0.9435,45.2724,-4.9623,0.9942,42.7797,0.0005,43.0
1330,45.3699,15.8824,0.9438,44.8691,-4.9868,0.994,42.4204,0.0005,42.0
1331,45.2087,15.8028,0.944,44.715,-4.9961,0.9939,42.283,0.0005,42.0
1332,44.5985,15.5016,0.9446,44.1168,-5.0319,0.9937,41.749,0.0005,42.0
1333,44.0631,15.2373,0.9451,43.5967,-5.0627,0.9935,41.284,0.0005,41.0
1334,43.5691,14.9934,0.9456,43.1161,-5.0908,0.9932,40.8538,0.0005,41.0
1335,43.9624,15.1876,0.9452,43.5081,-5.0679,0.9934,41.2048,0.0005,41.0
1336,43.5428,14.9805,0.9456,43.0913,-5.0923,0.9932,40.8316,0.0005,41.0
1337,42.8029,14.6152,0.9464,42.374,-5.1338,0.9929,40.1884,0.0005,40.0
1338,41.7337,14.0874,0.9475,41.3313,-5.1931,0.9923,39.2512,0.0006,39.0
1339,43.0828,14.7534,0.9461,42.6489,-5.118,0.993,40.435,0.0005,40.0
1340,43.0387,14.7316,0.9461,42.604,-5.1206,0.993,40.3948,0.0005,40.0
1341,43.2381,14.8301,0.9459,42.8007,-5.1092,0.9931,40.5712,0.0005,41.0
1342,41.3581,13.902,0.9479,40.9642,-5.2137,0.9921,38.9206,0.0006,39.0
1343,41.3759,13.9108,0.9479,40.9835,-5.2126,0.9922,38.938,0.0006,39.0
1344,41.5993,14.021,0.9476,41.2034,-5.2003,0.9923,39.136,0.0006,39.0
1345,41.0207,13.7354,0.9483,40.6314,-5.2322,0.992,38.6206,0.0006,39.0
1346,40.9619,13.7064,0.9483,40.5788,-5.2351,0.9919,38.5732,0.0006,39.0
1347,40.1622,13.3116,0.9492,39.798,-5.278,0.9915,37.8682,0.0006,38.0
1348,40.7554,13.6044,0.9485,40.3833,-5.2459,0.9918,38.3968,0.0006,38.0
1349,39.4443,12.9572,0.9501,39.0963,-5.3159,0.991,37.2334,0.0006,37.0
1350,39.3773,12.9241,0.9501,39.0313,-5.3193,0.991,37.1746,0.0006,37.0
1351,39.8541,13.1595,0.9496,39.502,-5.294,0.9913,37.6006,0.0006,38.0
1352,38.5735,12.5272,0.9511,38.2451,-5.3611,0.9905,36.4618,0.0006,36.0
1353,39.0647,12.7698,0.9505,38.7307,-5.3354,0.9908,36.9022,0.0006,37.0
1354,38.3408,12.4124,0.9514,38.0125,-5.3733,0.9903,36.2506,0.0006,36.0
1355,39.0546,12.7648,0.9505,38.7227,-5.3358,0.9908,36.895,0.0006,37.0
1356,38.3166,12.4004,0.9514,37.9887,-5.3745,0.9903,36.229,0.0006,36.0
1357,37.9214,12.2053,0.9519,37.605,-5.3945,0.99,35.8804,0.0006,36.0
1358,37.7127,12.1023,0.9522,37.4024,-5.405,0.9899,35.6962,0.0006,36.0
1359,38.048,12.2678,0.9518,37.7351,-5.3878,0.9901,35.9986,0.0006,36.0
1360,38.0797,12.2835,0.9517,37.7634,-5.3863,0.9901,36.0244,0.0006,36.0
1361,37.0465,11.7733,0.953,36.7513,-5.4384,0.9894,35.1034,0.0006,35.0
1362,37.5123,12.0033,0.9524,37.2119,-5.4148,0.9897,35.5228,0.0006,36.0
1363,37.2931,11.8951,0.9527,36.9917,-5.4261,0.9896,35.3224,0.0006,35.0
1364,36.2136,11.3621,0.9541,35.9356,-5.4795,0.9887,34.3594,0.0006,34.0
1365,35.9202,11.2173,0.9545,35.6466,-5.4939,0.9885,34.0954,0.0006,34.0
1366,36.0302,11.2716,0.9544,35.7576,-5.4884,0.9886,34.1968,0.0006,34.0
1367,35.4205,10.9706,0.9552,35.1545,-5.5181,0.9881,33.6453,0.0006,34.0
1368,35.2094,10.8663,0.9555,34.9506,-5.5281,0.9879,33.4587,0.0006,33.0
1369,34.8087,10.6685,0.9561,34.5563,-5.5473,0.9875,33.0975,0.0006,33.0
1370,33.2134,9.8808,0.9585,32.9928,-5.6214,0.986,31.6617,0.0006,32.0
1371,34.3893,10.4614,0.9567,34.1486,-5.5669,0.9871,32.7237,0.0006,33.0
1372,34.3179,10.4262,0.9568,34.0773,-5.5703,0.9871,32.6583,0.0006,33.0
1373,33.8725,10.2062,0.9575,33.6375,-5.5911,0.9866,32.2545,0.0006,32.0
1374,33.8131,10.1769,0.9576,33.582,-5.5938,0.9866,32.2035,0.0006,32.0
1375,31.8931,9.2289,0.9606,31.6956,-5.6807,0.9845,30.4658,0.0006,30.0
1376,33.2322,9.8901,0.9585,33.013,-5.6204,0.986,31.6803,0.0006,32.0
1377,33.293,9.9201,0.9584,33.0724,-5.6177,0.9861,31.7349,0.0006,32.0
1378,32.8592,9.7059,0.959,32.6429,-5.6375,0.9856,31.3395,0.0006,31.0
1379,32.6876,9.6212,0.9593,32.4761,-5.6452,0.9854,31.1859,0.0006,31.0
1380,32.2167,9.3887,0.9601,32.0115,-5.6664,0.9849,30.7575,0.0006,31.0
1381,33.2444,9.8961,0.9584,33.0248,-5.6199,0.986,31.6911,0.0006,32.0
1382,32.1724,9.3668,0.9601,31.9705,-5.6683,0.9848,30.7197,0.0006,31.0
1383,32.4966,9.5268,0.9596,32.2919,-5.6536,0.9852,31.0161,0.0006,31.0
1384,33.3108,9.9289,0.9583,33.0952,-5.6166,0.9861,31.7559,0.0006,32.0
1385,32.4959,9.5265,0.9596,32.2834,-5.654,0.9852,31.0083,0.0006,31.0
1386,31.3932,8.9821,0.9614,31.2046,-5.7026,0.9839,30.0122,0.0006,30.0
1387,31.2963,8.9342,0.9616,31.1093,-5.7068,0.9838,29.924,0.0006,30.0
1388,31.7974,9.1816,0.9607,31.6059,-5.6847,0.9844,30.383,0.0006,30.0
1389,31.6321,9.1,0.961,31.439,-5.6922,0.9842,30.2288,0.0006,30.0
1390,32.2725,9.4162,0.96,32.0739,-5.6636,0.9849,30.8151,0.0006,31.0
1391,31.7082,9.1376,0.9609,31.5111,-5.6889,0.9843,30.2954,0.0006,30.0
1392,32.5663,9.5613,0.9595,32.3642,-5.6503,0.9853,31.0827,0.0006,31.0
1393,31.9774,9.2705,0.9605,31.7755,-5.6771,0.9846,30.5397,0.0006,31.0
1394,31.9392,9.2516,0.9605,31.7417,-5.6786,0.9846,30.5085,0.0006,31.0
1395,32.7726,9.6631,0.9592,32.5666,-5.6411,0.9855,31.2693,0.0006,31.0
1396,32.1509,9.3562,0.9602,31.9458,-5.6694,0.9848,30.6969,0.0006,31.0
1397,33.044,9.7971,0.9587,32.8279,-5.629,0.9858,31.5099,0.0006,32.0
1398,31.8266,9.196,0.9607,31.6306,-5.6836,0.9844,30.4058,0.0006,30.0
1399,31.7432,9.1549,0.9608,31.5488,-5.6873,0.9843,30.3302,0.0006,30.0
1400,31.8339,9.1996,0.9607,31.6391,-5.6832,0.9844,30.4136,0.0006,30.0
1401,30.8623,8.7199,0.9623,30.6826,-5.7256,0.9832,29.5292,0.0006,30.0
1402,31.8194,9.1925,0.9607,31.6248,-5.6838,0.9844,30.4004,0.0006,30.0
1403,31.6533,9.1105,0.961,31.4598,-5.6912,0.9842,30.248,0.0006,30.0
1404,31.9002,9.2324,0.9606,31.7053,-5.6802,0.9845,30.4748,0.0006,30.0
1405,31.7549,9.1606,0.9608,31.5598,-5.6868,0.9843,30.3404,0.0006,30.0
1406,31.8011,9.1835,0.9607,31.6066,-5.6847,0.9844,30.3836,0.0006,30.0
1407,30.9387,8.7576,0.9622,30.7526,-5.7225,0.9833,29.594,0.0006,30.0
1408,32.3113,9.4354,0.9599,32.1084,-5.662,0.985,30.8469,0.0006,31.0
1409,31.5011,9.0353,0.9612,31.3059,-5.6981,0.984,30.1058,0.0006,30.0
1410,31.3658,8.9685,0.9615,31.1774,-5.7038,0.9839,29.987,0.0006,30.0
1411,31.7939,9.1799,0.9608,31.602,-5.6849,0.9844,30.3794,0.0006,30.0
1412,31.7771,9.1716,0.9608,31.5825,-5.6857,0.9844,30.3614,0.0006,30.0
1413,30.8986,8.7378,0.9623,30.7131,-5.7243,0.9833,29.5574,0.0006,30.0
1414,32.1697,9.3655,0.9601,31.9692,-5.6683,0.9848,30.7185,0.0006,31.0
1415,32.2848,9.4223,0.96,32.0824,-5.6632,0.985,30.8229,0.0006,31.0
1416,31.6669,9.1172,0.961,31.4702,-5.6908,0.9842,30.2576,0.0006,30.0
1417,32.163,9.3622,0.9602,31.9653,-5.6685,0.9848,30.7149,0.0006,31.0
1418,31.4417,9.006,0.9613,31.2481,-5.7007,0.984,30.0524,0.0006,30.0
1419,31.8607,9.2129,0.9606,31.6676,-5.6819,0.9845,30.44,0.0006,30.0
1420,31.6653,9.1164,0.961,31.4715,-5.6907,0.9842,30.2588,0.0006,30.0
1421,31.9804,9.272,0.9604,31.7846,-5.6767,0.9846,30.5481,0.0006,31.0
1422,31.7541,9.1602,0.9608,31.5585,-5.6868,0.9843,30.3392,0.0006,30.0
1423,31.7506,9.1585,0.9608,31.5565,-5.6869,0.9843,30.3374,0.0006,30.0
1424,31.3177,8.9447,0.9615,31.1281,-5.706,0.9838,29.9414,0.0006,30.0
1425,30.3456,8.4647,0.9632,30.1742,-5.7477,0.9825,29.0582,0.0006,29.0
1426,31.5273,9.0483,0.9612,31.3377,-5.6967,0.9841,30.1352,0.0006,30.0
1427,31.7963,9.1811,0.9608,31.6033,-5.6848,0.9844,30.3806,0.0006,30.0
1428,32.2467,9.4035,0.96,32.0473,-5.6648,0.9849,30.7905,0.0006,31.0
1429,32.3202,9.4398,0.9599,32.1169,-5.6616,0.985,30.8547,0.0006,31.0
1430,31.5654,9.0671,0.9611,31.3695,-5.6953,0.9841,30.1646,0.0006,30.0
1431,31.8524,9.2088,0.9607,31.6585,-5.6823,0.9845,30.4316,0.0006,30.0
1432,31.0956,8.8351,0.9619,30.9075,-5.7157,0.9835,29.7374,0.0006,30.0
1433,31.1037,8.8391,0.9619,30.9205,-5.7152,0.9835,29.7494,0.0006,30.0
1434,31.6058,9.087,0.9611,31.4176,-5.6931,0.9842,30.209,0.0006,30.0
1435,30.6825,8.6311,0.9626,30.5057,-5.7333,0.983,29.3654,0.0006,29.0
1436,31.5184,9.0438,0.9612,31.3338,-5.6968,0.9841,30.1316,0.0006,30.0
1437,31.6434,9.1056,0.961,31.452,-5.6916,0.9842,30.2408,0.0006,30.0
1438,31.4068,8.9887,0.9614,31.217,-5.702,0.9839,30.0236,0.0006,30.0
1439,30.9904,8.7832,0.9621,30.8064,-5.7202,0.9834,29.6438,0.0006,30.0
1440,30.8653,8.7214,0.9623,30.6852,-5.7255,0.9832,29.5316,0.0006,30.0
